brand,date,avg_diesel,avg_e5,avg_e10
AVIA,2014-06-09,1.397,1.577,1.502
AVIA,2014-06-23,1.406,1.59,1.511
AVIA,2014-07-04,1.391,1.581,1.502
AVIA,2014-07-24,1.383,1.566,1.489
AVIA,2014-07-25,1.387,1.566,1.488
AVIA,2014-08-18,1.378,1.504,1.466
AVIA,2014-08-25,1.377,1.505,1.468
AVIA,2014-09-01,1.387,1.517,1.477
AVIA,2014-09-05,1.388,1.516,1.477
AVIA,2014-09-06,1.392,1.519,1.482
AVIA,2014-09-08,1.385,1.514,1.474
AVIA,2014-09-11,1.384,1.515,1.476
AVIA,2014-09-12,1.377,1.509,1.469
AVIA,2014-09-15,1.373,1.504,1.464
AVIA,2014-09-16,1.375,1.508,1.468
AVIA,2014-09-19,1.37,1.502,1.462
AVIA,2014-09-20,1.379,1.509,1.472
AVIA,2014-09-22,1.373,1.507,1.467
AVIA,2014-10-01,1.373,1.501,1.461
AVIA,2014-10-05,1.369,1.504,1.466
AVIA,2014-10-06,1.357,1.492,1.452
AVIA,2014-10-07,1.358,1.497,1.457
AVIA,2014-10-11,1.34,1.479,1.439
AVIA,2014-10-13,1.342,1.481,1.441
AVIA,2014-10-21,1.321,1.438,1.4
AVIA,2014-10-27,1.322,1.434,1.394
AVIA,2014-10-29,1.318,1.433,1.393
AVIA,2014-11-03,1.329,1.436,1.396
AVIA,2014-11-07,1.325,1.428,1.388
AVIA,2014-11-10,1.327,1.43,1.391
AVIA,2014-11-13,1.323,1.426,1.386
AVIA,2014-11-17,1.315,1.419,1.38
AVIA,2014-11-23,1.307,1.419,1.381
AVIA,2014-11-24,1.302,1.411,1.371
AVIA,2014-11-25,1.299,1.408,1.369
AVIA,2014-11-28,1.285,1.398,1.358
AVIA,2014-11-29,1.278,1.394,1.356
AVIA,2014-12-01,1.273,1.382,1.343
AVIA,2014-12-03,1.259,1.365,1.327
AVIA,2014-12-04,1.257,1.359,1.32
AVIA,2014-12-05,1.254,1.353,1.313
AVIA,2014-12-07,1.246,1.35,1.312
AVIA,2014-12-08,1.242,1.338,1.299
AVIA,2014-12-09,1.24,1.333,1.293
AVIA,2014-12-10,1.235,1.33,1.291
AVIA,2014-12-11,1.227,1.318,1.279
AVIA,2014-12-12,1.221,1.314,1.274
AVIA,2014-12-14,1.216,1.305,1.265
AVIA,2014-12-15,1.213,1.301,1.262
AVIA,2014-12-16,1.206,1.292,1.253
AVIA,2014-12-28,1.194,1.283,1.246
AVIA,2014-12-30,1.187,1.275,1.236
AVIA,2015-01-05,1.174,1.27,1.231
AVIA,2015-01-12,1.142,1.241,1.219
AVIA,2015-01-13,1.136,1.236,1.215
AVIA,2015-01-15,1.123,1.227,1.206
AVIA,2015-01-16,1.122,1.226,1.207
AVIA,2015-01-19,1.125,1.228,1.207
AVIA,2015-01-21,1.128,1.235,1.215
AVIA,2015-01-26,1.137,1.237,1.217
AVIA,2015-01-28,1.134,1.235,1.214
AVIA,2015-01-31,1.136,1.242,1.222
AVIA,2015-02-02,1.138,1.243,1.223
AVIA,2015-02-03,1.148,1.258,1.238
AVIA,2015-02-04,1.161,1.274,1.254
AVIA,2015-02-05,1.168,1.279,1.259
AVIA,2015-02-06,1.171,1.279,1.259
AVIA,2015-02-07,1.183,1.285,1.266
AVIA,2015-02-09,1.185,1.286,1.265
AVIA,2015-02-11,1.195,1.294,1.274
AVIA,2015-02-14,1.212,1.307,1.288
AVIA,2015-02-17,1.222,1.311,1.291
AVIA,2015-02-18,1.223,1.315,1.294
AVIA,2015-02-20,1.218,1.307,1.286
AVIA,2015-02-23,1.224,1.311,1.29
AVIA,2015-02-25,1.225,1.315,1.295
AVIA,2015-02-26,1.222,1.315,1.295
AVIA,2015-02-27,1.227,1.32,1.299
AVIA,2015-03-02,1.233,1.33,1.31
AVIA,2015-03-05,1.231,1.339,1.318
AVIA,2015-03-06,1.232,1.342,1.322
AVIA,2015-03-10,1.237,1.352,1.332
AVIA,2015-03-11,1.236,1.353,1.333
AVIA,2015-03-13,1.235,1.359,1.339
AVIA,2015-03-14,1.231,1.36,1.342
AVIA,2015-03-17,1.217,1.349,1.328
AVIA,2015-03-21,1.212,1.351,1.332
AVIA,2015-03-22,1.217,1.357,1.339
AVIA,2015-03-23,1.209,1.347,1.328
AVIA,2015-03-26,1.21,1.36,1.342
AVIA,2015-03-28,1.219,1.375,1.357
AVIA,2015-03-31,1.215,1.367,1.348
AVIA,2015-04-16,1.234,1.394,1.375
AVIA,2015-04-21,1.25,1.411,1.391
AVIA,2015-04-23,1.244,1.407,1.389
AVIA,2015-04-28,1.257,1.424,1.405
AVIA,2015-04-29,1.258,1.426,1.406
AVIA,2015-05-04,1.255,1.423,1.403
AVIA,2015-05-05,1.258,1.425,1.406
AVIA,2015-05-08,1.265,1.427,1.407
AVIA,2015-05-11,1.262,1.423,1.405
AVIA,2015-05-12,1.258,1.422,1.403
AVIA,2015-05-14,1.271,1.435,1.417
AVIA,2015-05-15,1.268,1.425,1.406
AVIA,2015-05-18,1.266,1.425,1.405
AVIA,2015-05-19,1.263,1.426,1.405
AVIA,2015-05-21,1.26,1.421,1.401
AVIA,2015-05-22,1.265,1.427,1.408
AVIA,2014-06-11,1.384,1.565,1.489
AVIA,2014-06-12,1.385,1.568,1.492
AVIA,2014-06-13,1.393,1.576,1.5
AVIA,2014-06-17,1.403,1.586,1.512
AVIA,2014-06-18,1.4,1.583,1.504
AVIA,2014-06-24,1.403,1.59,1.511
AVIA,2014-06-26,1.404,1.591,1.512
AVIA,2014-07-02,1.397,1.587,1.507
AVIA,2014-07-29,1.387,1.563,1.485
AVIA,2014-07-30,1.387,1.558,1.48
AVIA,2014-08-07,1.38,1.543,1.467
AVIA,2014-08-11,1.387,1.55,1.472
AVIA,2014-08-15,1.381,1.527,1.466
AVIA,2014-08-21,1.378,1.506,1.466
AVIA,2014-09-02,1.383,1.514,1.474
AVIA,2014-09-04,1.382,1.511,1.47
AVIA,2014-09-09,1.384,1.513,1.474
AVIA,2014-09-18,1.372,1.505,1.466
AVIA,2014-09-23,1.369,1.503,1.463
AVIA,2014-09-25,1.365,1.503,1.465
AVIA,2014-09-26,1.364,1.501,1.461
AVIA,2014-10-09,1.355,1.496,1.458
AVIA,2014-10-17,1.32,1.446,1.406
AVIA,2014-10-20,1.322,1.443,1.403
AVIA,2014-10-22,1.322,1.436,1.4
AVIA,2014-10-30,1.319,1.43,1.39
AVIA,2014-11-19,1.304,1.412,1.372
AVIA,2014-12-18,1.187,1.277,1.24
AVIA,2014-12-22,1.192,1.281,1.241
AVIA,2014-12-23,1.191,1.279,1.239
AVIA,2015-01-09,1.151,1.245,1.216
AVIA,2015-01-22,1.127,1.23,1.209
AVIA,2015-01-23,1.131,1.233,1.213
AVIA,2015-02-16,1.213,1.308,1.287
AVIA,2015-03-20,1.214,1.353,1.333
AVIA,2015-03-27,1.216,1.37,1.351
AVIA,2015-04-14,1.229,1.39,1.372
AVIA,2015-04-22,1.248,1.411,1.39
AVIA,2015-04-24,1.249,1.413,1.393
AVIA,2014-06-16,1.399,1.583,1.507
AVIA,2014-06-25,1.4,1.588,1.513
AVIA,2014-07-16,1.379,1.573,1.497
AVIA,2014-07-28,1.389,1.567,1.491
AVIA,2014-08-04,1.382,1.555,1.477
AVIA,2014-08-19,1.378,1.5,1.462
AVIA,2014-08-22,1.379,1.504,1.464
AVIA,2014-09-29,1.371,1.502,1.461
AVIA,2014-11-05,1.329,1.432,1.394
AVIA,2014-12-02,1.262,1.371,1.331
AVIA,2014-12-17,1.195,1.282,1.243
AVIA,2015-01-02,1.18,1.271,1.232
AVIA,2015-01-27,1.134,1.237,1.216
AVIA,2015-02-10,1.19,1.291,1.271
AVIA,2015-03-03,1.23,1.334,1.314
AVIA,2015-03-09,1.234,1.347,1.326
AVIA,2015-03-24,1.211,1.352,1.334
AVIA,2015-04-13,1.219,1.378,1.36
AVIA,2015-04-18,1.242,1.402,1.384
AVIA,2015-05-02,1.259,1.426,1.408
AVIA,2014-06-30,1.399,1.586,1.507
AVIA,2014-07-07,1.386,1.578,1.5
AVIA,2014-07-12,1.381,1.576,1.502
AVIA,2014-07-14,1.38,1.577,1.5
AVIA,2014-07-17,1.377,1.569,1.493
AVIA,2014-08-03,1.398,1.567,1.493
AVIA,2014-08-05,1.385,1.552,1.477
AVIA,2014-08-06,1.385,1.55,1.474
AVIA,2014-08-10,1.393,1.555,1.48
AVIA,2014-08-12,1.384,1.547,1.472
AVIA,2014-08-13,1.381,1.544,1.467
AVIA,2014-08-14,1.377,1.541,1.466
AVIA,2014-08-20,1.375,1.501,1.464
AVIA,2014-08-29,1.383,1.514,1.473
AVIA,2014-09-24,1.362,1.497,1.457
AVIA,2014-10-15,1.337,1.47,1.43
AVIA,2014-10-28,1.321,1.432,1.392
AVIA,2014-11-04,1.331,1.436,1.396
AVIA,2014-11-21,1.298,1.408,1.368
AVIA,2014-12-29,1.189,1.28,1.24
AVIA,2015-01-17,1.126,1.233,1.214
AVIA,2015-02-13,1.198,1.296,1.275
AVIA,2015-04-04,1.212,1.378,1.359
AVIA,2015-04-06,1.218,1.382,1.364
AVIA,2015-04-17,1.241,1.401,1.381
AVIA,2015-05-06,1.267,1.435,1.415
AVIA,2015-05-20,1.259,1.421,1.401
AVIA,2014-06-21,1.407,1.593,1.513
AVIA,2014-07-10,1.386,1.581,1.503
AVIA,2014-08-09,1.388,1.549,1.471
AVIA,2014-10-18,1.322,1.445,1.409
AVIA,2014-11-22,1.304,1.411,1.373
AVIA,2015-01-10,1.15,1.247,1.224
AVIA,2015-04-20,1.243,1.406,1.385
AVIA,2014-06-14,1.4,1.584,1.508
AVIA,2014-06-15,1.402,1.585,1.512
AVIA,2014-06-19,1.408,1.591,1.515
AVIA,2014-06-20,1.404,1.588,1.509
AVIA,2014-06-27,1.399,1.586,1.509
AVIA,2014-06-28,1.406,1.592,1.515
AVIA,2014-06-29,1.41,1.597,1.521
AVIA,2014-07-01,1.402,1.589,1.509
AVIA,2014-07-03,1.392,1.58,1.504
AVIA,2014-07-05,1.394,1.584,1.507
AVIA,2014-07-06,1.4,1.588,1.513
AVIA,2014-07-08,1.388,1.582,1.503
AVIA,2014-07-09,1.385,1.58,1.501
AVIA,2014-07-11,1.381,1.577,1.503
AVIA,2014-07-13,1.386,1.58,1.504
AVIA,2014-07-15,1.378,1.574,1.498
AVIA,2014-07-18,1.378,1.567,1.495
AVIA,2014-07-19,1.379,1.564,1.487
AVIA,2014-07-20,1.386,1.569,1.496
AVIA,2014-07-22,1.38,1.563,1.492
AVIA,2014-07-23,1.371,1.554,1.478
AVIA,2014-07-26,1.386,1.565,1.489
AVIA,2014-07-31,1.389,1.561,1.485
AVIA,2014-08-01,1.389,1.562,1.483
AVIA,2014-08-02,1.39,1.561,1.485
AVIA,2014-08-08,1.381,1.544,1.47
AVIA,2014-08-16,1.385,1.509,1.471
AVIA,2014-08-23,1.387,1.517,1.48
AVIA,2014-08-26,1.382,1.511,1.471
AVIA,2014-08-27,1.382,1.51,1.47
AVIA,2014-08-28,1.383,1.512,1.472
AVIA,2014-09-03,1.381,1.51,1.47
AVIA,2014-09-07,1.395,1.525,1.487
AVIA,2014-09-10,1.383,1.516,1.475
AVIA,2014-09-13,1.383,1.512,1.475
AVIA,2014-09-14,1.386,1.515,1.478
AVIA,2014-09-17,1.377,1.511,1.471
AVIA,2014-09-21,1.378,1.506,1.469
AVIA,2014-09-27,1.372,1.504,1.467
AVIA,2014-09-28,1.378,1.506,1.468
AVIA,2014-09-30,1.369,1.498,1.458
AVIA,2014-10-02,1.371,1.502,1.463
AVIA,2014-10-03,1.372,1.5,1.463
AVIA,2014-10-04,1.367,1.503,1.462
AVIA,2014-10-08,1.356,1.497,1.457
AVIA,2014-10-10,1.351,1.491,1.454
AVIA,2014-10-12,1.353,1.488,1.452
AVIA,2014-10-14,1.34,1.475,1.438
AVIA,2014-10-16,1.329,1.457,1.419
AVIA,2014-10-19,1.329,1.451,1.413
AVIA,2014-10-23,1.324,1.434,1.397
AVIA,2014-10-24,1.326,1.437,1.4
AVIA,2014-10-25,1.328,1.436,1.398
AVIA,2014-10-26,1.329,1.439,1.402
AVIA,2014-10-31,1.324,1.43,1.39
AVIA,2014-11-02,1.332,1.437,1.4
AVIA,2014-11-06,1.326,1.43,1.39
AVIA,2014-11-08,1.33,1.43,1.393
AVIA,2014-11-11,1.331,1.431,1.391
AVIA,2014-11-12,1.327,1.43,1.39
AVIA,2014-11-14,1.319,1.42,1.383
AVIA,2014-11-15,1.315,1.417,1.379
AVIA,2014-11-16,1.321,1.426,1.388
AVIA,2014-11-18,1.313,1.417,1.377
AVIA,2014-11-20,1.301,1.406,1.369
AVIA,2014-11-26,1.299,1.408,1.368
AVIA,2014-11-27,1.296,1.406,1.366
AVIA,2014-12-13,1.217,1.305,1.268
AVIA,2014-12-19,1.188,1.276,1.236
AVIA,2014-12-20,1.191,1.281,1.244
AVIA,2014-12-21,1.194,1.284,1.247
AVIA,2014-12-24,1.196,1.28,1.241
AVIA,2015-01-01,1.194,1.286,1.25
AVIA,2015-01-03,1.178,1.268,1.232
AVIA,2015-01-04,1.182,1.276,1.24
AVIA,2015-01-06,1.169,1.269,1.232
AVIA,2015-01-07,1.159,1.257,1.219
AVIA,2015-01-08,1.154,1.252,1.215
AVIA,2015-01-11,1.154,1.251,1.229
AVIA,2015-01-14,1.125,1.228,1.207
AVIA,2015-01-20,1.129,1.234,1.213
AVIA,2015-01-24,1.133,1.232,1.213
AVIA,2015-01-29,1.128,1.232,1.212
AVIA,2015-01-30,1.133,1.239,1.218
AVIA,2015-02-01,1.141,1.25,1.231
AVIA,2015-02-12,1.193,1.293,1.273
AVIA,2015-02-19,1.221,1.307,1.287
AVIA,2015-02-21,1.218,1.307,1.289
AVIA,2015-02-22,1.227,1.316,1.298
AVIA,2015-02-24,1.224,1.314,1.293
AVIA,2015-02-28,1.229,1.326,1.307
AVIA,2015-03-01,1.233,1.333,1.312
AVIA,2015-03-04,1.23,1.337,1.316
AVIA,2015-03-07,1.232,1.348,1.33
AVIA,2015-03-08,1.238,1.358,1.339
AVIA,2015-03-12,1.232,1.356,1.338
AVIA,2015-03-15,1.231,1.364,1.346
AVIA,2015-03-16,1.225,1.353,1.334
AVIA,2015-03-18,1.21,1.346,1.325
AVIA,2015-03-19,1.211,1.347,1.328
AVIA,2015-03-25,1.21,1.357,1.338
AVIA,2015-03-29,1.22,1.378,1.36
AVIA,2015-03-30,1.217,1.373,1.353
AVIA,2015-04-01,1.215,1.376,1.358
AVIA,2015-04-02,1.214,1.377,1.356
AVIA,2015-04-03,1.216,1.383,1.364
AVIA,2015-04-05,1.216,1.386,1.367
AVIA,2015-04-07,1.209,1.375,1.354
AVIA,2015-04-08,1.214,1.373,1.353
AVIA,2015-04-09,1.217,1.379,1.36
AVIA,2015-04-10,1.217,1.377,1.358
AVIA,2015-04-11,1.218,1.381,1.363
AVIA,2015-04-12,1.223,1.39,1.371
AVIA,2015-04-15,1.231,1.387,1.369
AVIA,2015-04-19,1.248,1.41,1.392
AVIA,2015-04-25,1.253,1.418,1.399
AVIA,2015-04-26,1.259,1.428,1.409
AVIA,2015-04-27,1.254,1.419,1.401
AVIA,2015-04-30,1.258,1.422,1.401
AVIA,2015-05-01,1.263,1.431,1.412
AVIA,2015-05-03,1.266,1.434,1.416
AVIA,2015-05-07,1.27,1.434,1.414
AVIA,2015-05-09,1.264,1.427,1.408
AVIA,2015-05-10,1.272,1.438,1.42
AVIA,2015-05-13,1.259,1.419,1.4
AVIA,2015-05-16,1.267,1.425,1.406
AVIA,2015-05-17,1.272,1.435,1.417
AVIA,2015-05-23,1.266,1.428,1.41
AVIA,2015-05-24,1.271,1.436,1.418
AVIA,2015-05-25,1.271,1.438,1.42
AVIA,2015-05-26,1.268,1.429,1.408
AVIA,2015-05-27,1.258,1.423,1.403
AVIA,2015-05-28,1.253,1.422,1.401
AVIA,2015-05-29,1.25,1.419,1.401
AVIA,2015-05-30,1.254,1.423,1.404
AVIA,2015-05-31,1.261,1.432,1.413
AVIA,2014-07-21,1.371,1.562,1.486
AVIA,2014-08-30,1.389,1.52,1.482
AVIA,2014-12-31,1.188,1.278,1.239
AVIA,2014-08-24,1.392,1.518,1.48
AVIA,2014-08-31,1.394,1.525,1.487
AVIA,2014-11-01,1.332,1.439,1.402
AVIA,2014-11-09,1.337,1.439,1.401
AVIA,2014-11-30,1.28,1.391,1.354
AVIA,2014-12-06,1.248,1.351,1.314
AVIA,2014-12-25,1.199,1.285,1.247
AVIA,2014-12-26,1.198,1.29,1.253
AVIA,2014-12-27,1.191,1.279,1.242
AVIA,2015-01-18,1.128,1.234,1.215
AVIA,2015-01-25,1.139,1.241,1.222
AVIA,2015-02-08,1.189,1.293,1.275
AVIA,2015-02-15,1.214,1.312,1.294
SHELL,2014-06-09,1.405,1.613,1.559
SHELL,2014-06-10,1.395,1.6,1.55
SHELL,2014-06-11,1.402,1.608,1.559
SHELL,2014-06-12,1.4,1.61,1.561
SHELL,2014-06-13,1.41,1.62,1.571
SHELL,2014-06-14,1.415,1.628,1.576
SHELL,2014-06-15,1.417,1.636,1.579
SHELL,2014-06-16,1.414,1.628,1.576
SHELL,2014-06-17,1.414,1.625,1.574
SHELL,2014-06-18,1.418,1.626,1.575
SHELL,2014-06-19,1.427,1.634,1.583
SHELL,2014-06-20,1.424,1.633,1.582
SHELL,2014-06-21,1.425,1.635,1.583
SHELL,2014-06-22,1.433,1.642,1.589
SHELL,2014-06-23,1.424,1.634,1.583
SHELL,2014-06-24,1.422,1.633,1.582
SHELL,2014-06-25,1.415,1.627,1.577
SHELL,2014-06-26,1.419,1.631,1.581
SHELL,2014-06-27,1.413,1.625,1.576
SHELL,2014-06-28,1.418,1.63,1.582
SHELL,2014-06-29,1.421,1.633,1.584
SHELL,2014-06-30,1.413,1.624,1.575
SHELL,2014-07-01,1.41,1.625,1.576
SHELL,2014-07-02,1.405,1.621,1.571
SHELL,2014-07-03,1.4,1.615,1.565
SHELL,2014-07-04,1.398,1.616,1.566
SHELL,2014-07-05,1.402,1.619,1.569
SHELL,2014-07-06,1.405,1.622,1.573
SHELL,2014-07-07,1.397,1.618,1.568
SHELL,2014-07-08,1.397,1.62,1.57
SHELL,2014-07-09,1.395,1.619,1.569
SHELL,2014-07-10,1.389,1.613,1.563
SHELL,2014-07-11,1.387,1.61,1.56
SHELL,2014-07-12,1.392,1.614,1.564
SHELL,2014-07-13,1.397,1.619,1.568
SHELL,2014-07-14,1.388,1.611,1.56
SHELL,2014-07-15,1.386,1.607,1.557
SHELL,2014-07-16,1.389,1.607,1.556
SHELL,2014-07-17,1.383,1.6,1.55
SHELL,2014-07-18,1.388,1.599,1.548
SHELL,2014-07-19,1.391,1.598,1.548
SHELL,2014-07-20,1.397,1.604,1.554
SHELL,2014-07-21,1.385,1.594,1.543
SHELL,2014-07-22,1.388,1.594,1.542
SHELL,2014-07-23,1.38,1.586,1.534
SHELL,2014-07-24,1.39,1.594,1.541
SHELL,2014-07-25,1.398,1.599,1.546
SHELL,2014-07-26,1.396,1.596,1.545
SHELL,2014-07-27,1.397,1.598,1.546
SHELL,2014-07-28,1.403,1.601,1.549
SHELL,2014-07-29,1.401,1.597,1.545
SHELL,2014-07-30,1.4,1.595,1.543
SHELL,2014-07-31,1.4,1.594,1.542
SHELL,2014-08-01,1.401,1.594,1.543
SHELL,2014-08-02,1.404,1.597,1.545
SHELL,2014-08-03,1.409,1.6,1.549
SHELL,2014-08-04,1.393,1.586,1.535
SHELL,2014-08-05,1.392,1.582,1.53
SHELL,2014-08-06,1.391,1.578,1.534
SHELL,2014-08-07,1.391,1.575,1.524
SHELL,2014-08-08,1.396,1.579,1.528
SHELL,2014-08-09,1.405,1.586,1.536
SHELL,2014-08-10,1.41,1.593,1.542
SHELL,2014-08-11,1.403,1.586,1.535
SHELL,2014-08-12,1.399,1.582,1.531
SHELL,2014-08-13,1.395,1.58,1.529
SHELL,2014-08-14,1.391,1.577,1.527
SHELL,2014-08-15,1.393,1.574,1.528
SHELL,2014-08-16,1.394,1.567,1.528
SHELL,2014-08-17,1.4,1.57,1.531
SHELL,2014-08-18,1.389,1.56,1.522
SHELL,2014-08-19,1.386,1.559,1.521
SHELL,2014-08-20,1.386,1.561,1.522
SHELL,2014-08-21,1.393,1.57,1.532
SHELL,2014-08-22,1.398,1.576,1.537
SHELL,2014-08-23,1.401,1.579,1.54
SHELL,2014-08-24,1.406,1.585,1.546
SHELL,2014-08-25,1.395,1.574,1.535
SHELL,2014-08-26,1.396,1.576,1.538
SHELL,2014-08-27,1.397,1.578,1.54
SHELL,2014-08-28,1.395,1.577,1.538
SHELL,2014-08-29,1.396,1.577,1.539
SHELL,2014-08-30,1.4,1.581,1.542
SHELL,2014-08-31,1.404,1.586,1.547
SHELL,2014-09-01,1.399,1.581,1.542
SHELL,2014-09-02,1.396,1.577,1.539
SHELL,2014-09-03,1.398,1.578,1.54
SHELL,2014-09-04,1.396,1.578,1.539
SHELL,2014-09-05,1.403,1.587,1.548
SHELL,2014-09-06,1.409,1.594,1.555
SHELL,2014-09-07,1.411,1.596,1.557
SHELL,2014-09-08,1.405,1.586,1.547
SHELL,2014-09-09,1.403,1.586,1.547
SHELL,2014-09-10,1.399,1.582,1.543
SHELL,2014-09-11,1.395,1.581,1.543
SHELL,2014-09-12,1.387,1.573,1.534
SHELL,2014-09-13,1.393,1.576,1.537
SHELL,2014-09-14,1.398,1.58,1.541
SHELL,2014-09-15,1.388,1.572,1.533
SHELL,2014-09-16,1.384,1.569,1.53
SHELL,2014-09-17,1.386,1.572,1.534
SHELL,2014-09-18,1.387,1.572,1.533
SHELL,2014-09-19,1.379,1.561,1.522
SHELL,2014-09-20,1.39,1.571,1.532
SHELL,2014-09-21,1.384,1.564,1.526
SHELL,2014-09-22,1.386,1.567,1.528
SHELL,2014-09-23,1.384,1.566,1.528
SHELL,2014-09-24,1.379,1.564,1.525
SHELL,2014-09-25,1.378,1.562,1.523
SHELL,2014-09-26,1.381,1.568,1.529
SHELL,2014-09-27,1.385,1.568,1.529
SHELL,2014-09-28,1.387,1.57,1.531
SHELL,2014-09-29,1.385,1.568,1.529
SHELL,2014-09-30,1.385,1.566,1.528
SHELL,2014-10-01,1.39,1.569,1.531
SHELL,2014-10-02,1.386,1.566,1.528
SHELL,2014-10-03,1.387,1.57,1.531
SHELL,2014-10-04,1.382,1.566,1.527
SHELL,2014-10-05,1.387,1.571,1.533
SHELL,2014-10-06,1.373,1.56,1.521
SHELL,2014-10-07,1.374,1.564,1.525
SHELL,2014-10-08,1.37,1.561,1.522
SHELL,2014-10-09,1.367,1.559,1.52
SHELL,2014-10-10,1.361,1.554,1.515
SHELL,2014-10-11,1.349,1.541,1.502
SHELL,2014-10-12,1.361,1.553,1.515
SHELL,2014-10-13,1.354,1.543,1.505
SHELL,2014-10-14,1.35,1.538,1.499
SHELL,2014-10-15,1.346,1.529,1.49
SHELL,2014-10-16,1.338,1.515,1.476
SHELL,2014-10-17,1.328,1.505,1.466
SHELL,2014-10-18,1.331,1.504,1.465
SHELL,2014-10-19,1.336,1.508,1.469
SHELL,2014-10-20,1.331,1.5,1.462
SHELL,2014-10-21,1.333,1.498,1.459
SHELL,2014-10-22,1.336,1.496,1.457
SHELL,2014-10-23,1.337,1.497,1.459
SHELL,2014-10-24,1.34,1.496,1.458
SHELL,2014-10-25,1.342,1.498,1.459
SHELL,2014-10-26,1.343,1.5,1.461
SHELL,2014-10-27,1.336,1.495,1.457
SHELL,2014-10-28,1.33,1.492,1.453
SHELL,2014-10-29,1.331,1.49,1.452
SHELL,2014-10-30,1.331,1.49,1.452
SHELL,2014-10-31,1.337,1.494,1.455
SHELL,2014-11-02,1.343,1.498,1.458
SHELL,2014-11-03,1.347,1.501,1.463
SHELL,2014-11-04,1.344,1.496,1.457
SHELL,2014-11-05,1.338,1.491,1.451
SHELL,2014-11-06,1.336,1.49,1.45
SHELL,2014-11-07,1.335,1.489,1.449
SHELL,2014-11-08,1.343,1.495,1.455
SHELL,2014-11-09,1.348,1.5,1.461
SHELL,2014-11-10,1.344,1.496,1.456
SHELL,2014-11-11,1.349,1.494,1.455
SHELL,2014-11-12,1.342,1.49,1.45
SHELL,2014-11-13,1.338,1.489,1.449
SHELL,2014-11-14,1.33,1.483,1.443
SHELL,2014-11-15,1.327,1.48,1.441
SHELL,2014-11-16,1.328,1.483,1.443
SHELL,2014-11-17,1.324,1.478,1.439
SHELL,2014-11-18,1.323,1.478,1.439
SHELL,2014-11-19,1.318,1.475,1.436
SHELL,2014-11-20,1.315,1.471,1.433
SHELL,2014-11-21,1.307,1.467,1.428
SHELL,2014-11-22,1.315,1.474,1.436
SHELL,2014-11-23,1.318,1.477,1.439
SHELL,2014-11-24,1.313,1.473,1.434
SHELL,2014-11-25,1.309,1.47,1.432
SHELL,2014-11-26,1.311,1.471,1.432
SHELL,2014-11-27,1.307,1.468,1.429
SHELL,2014-11-28,1.292,1.454,1.415
SHELL,2014-11-29,1.285,1.448,1.408
SHELL,2014-11-30,1.285,1.448,1.408
SHELL,2014-12-01,1.28,1.443,1.405
SHELL,2014-12-02,1.273,1.432,1.394
SHELL,2014-12-03,1.273,1.426,1.387
SHELL,2014-12-04,1.27,1.417,1.378
SHELL,2014-12-05,1.267,1.411,1.371
SHELL,2014-12-06,1.262,1.407,1.368
SHELL,2014-12-07,1.26,1.405,1.365
SHELL,2014-12-08,1.252,1.397,1.357
SHELL,2014-12-09,1.249,1.392,1.352
SHELL,2014-12-10,1.244,1.385,1.345
SHELL,2014-12-11,1.236,1.377,1.338
SHELL,2014-12-12,1.228,1.37,1.33
SHELL,2014-12-13,1.226,1.364,1.325
SHELL,2014-12-14,1.224,1.361,1.321
SHELL,2014-12-15,1.221,1.357,1.317
SHELL,2014-12-16,1.215,1.351,1.311
SHELL,2014-12-17,1.204,1.34,1.3
SHELL,2014-12-18,1.199,1.336,1.297
SHELL,2014-12-19,1.205,1.341,1.301
SHELL,2014-12-20,1.205,1.34,1.301
SHELL,2014-12-21,1.207,1.341,1.301
SHELL,2014-12-22,1.204,1.338,1.299
SHELL,2014-12-23,1.207,1.34,1.3
SHELL,2014-12-24,1.209,1.34,1.3
SHELL,2014-12-25,1.213,1.342,1.302
SHELL,2014-12-26,1.213,1.343,1.303
SHELL,2014-12-27,1.206,1.336,1.297
SHELL,2014-12-28,1.208,1.339,1.3
SHELL,2014-12-29,1.205,1.336,1.297
SHELL,2014-12-30,1.199,1.33,1.29
SHELL,2014-12-31,1.196,1.328,1.288
SHELL,2015-01-01,1.202,1.333,1.294
SHELL,2015-01-02,1.189,1.323,1.283
SHELL,2015-01-03,1.187,1.323,1.284
SHELL,2015-01-04,1.191,1.328,1.288
SHELL,2015-01-05,1.182,1.319,1.28
SHELL,2015-01-06,1.174,1.313,1.275
SHELL,2015-01-07,1.165,1.307,1.268
SHELL,2015-01-08,1.163,1.305,1.266
SHELL,2015-01-09,1.161,1.304,1.27
SHELL,2015-01-10,1.159,1.302,1.282
SHELL,2015-01-11,1.164,1.306,1.287
SHELL,2015-01-12,1.154,1.298,1.278
SHELL,2015-01-13,1.149,1.292,1.272
SHELL,2015-01-14,1.135,1.281,1.261
SHELL,2015-01-15,1.133,1.279,1.259
SHELL,2015-01-16,1.134,1.282,1.262
SHELL,2015-01-17,1.138,1.287,1.267
SHELL,2015-01-18,1.141,1.288,1.268
SHELL,2015-01-19,1.139,1.288,1.268
SHELL,2015-01-20,1.139,1.289,1.269
SHELL,2015-01-21,1.139,1.29,1.27
SHELL,2015-01-22,1.139,1.286,1.266
SHELL,2015-01-23,1.143,1.289,1.27
SHELL,2015-01-24,1.15,1.294,1.275
SHELL,2015-01-25,1.153,1.297,1.277
SHELL,2015-01-26,1.15,1.296,1.276
SHELL,2015-01-27,1.147,1.292,1.272
SHELL,2015-01-28,1.147,1.291,1.271
SHELL,2015-01-29,1.143,1.291,1.271
SHELL,2015-01-30,1.144,1.295,1.275
SHELL,2015-01-31,1.15,1.301,1.282
SHELL,2015-02-01,1.15,1.303,1.284
SHELL,2015-02-02,1.15,1.303,1.284
SHELL,2015-02-03,1.17,1.327,1.307
SHELL,2015-02-04,1.179,1.336,1.316
SHELL,2015-02-05,1.193,1.345,1.325
SHELL,2015-02-06,1.185,1.336,1.317
SHELL,2015-02-07,1.199,1.348,1.328
SHELL,2015-02-09,1.2,1.35,1.33
SHELL,2015-02-10,1.207,1.356,1.336
SHELL,2015-02-11,1.208,1.356,1.336
SHELL,2015-02-12,1.205,1.351,1.331
SHELL,2015-02-13,1.21,1.354,1.335
SHELL,2015-02-14,1.217,1.36,1.34
SHELL,2015-02-15,1.219,1.363,1.343
SHELL,2015-02-16,1.222,1.363,1.345
SHELL,2015-02-17,1.23,1.369,1.35
SHELL,2015-02-18,1.232,1.367,1.348
SHELL,2015-02-19,1.231,1.366,1.348
SHELL,2015-02-20,1.225,1.361,1.342
SHELL,2015-02-21,1.222,1.358,1.338
SHELL,2015-02-22,1.232,1.366,1.346
SHELL,2015-02-23,1.232,1.368,1.349
SHELL,2015-02-24,1.236,1.371,1.351
SHELL,2015-02-25,1.243,1.374,1.357
SHELL,2015-02-26,1.234,1.373,1.353
SHELL,2015-02-27,1.238,1.38,1.36
SHELL,2015-02-28,1.239,1.385,1.365
SHELL,2015-03-01,1.241,1.388,1.368
SHELL,2015-03-02,1.245,1.39,1.371
SHELL,2015-03-03,1.244,1.393,1.373
SHELL,2015-03-04,1.24,1.395,1.375
SHELL,2015-03-05,1.244,1.4,1.381
SHELL,2015-03-06,1.241,1.4,1.381
SHELL,2015-03-07,1.244,1.404,1.384
SHELL,2015-03-08,1.248,1.408,1.389
SHELL,2015-03-09,1.246,1.408,1.388
SHELL,2015-03-10,1.247,1.413,1.393
SHELL,2015-03-11,1.245,1.414,1.394
SHELL,2015-03-12,1.243,1.413,1.394
SHELL,2015-03-13,1.245,1.423,1.403
SHELL,2015-03-14,1.24,1.418,1.4
SHELL,2015-03-15,1.246,1.427,1.408
SHELL,2015-03-16,1.235,1.417,1.397
SHELL,2015-03-17,1.225,1.406,1.386
SHELL,2015-03-18,1.216,1.396,1.376
SHELL,2015-03-19,1.212,1.395,1.378
SHELL,2015-03-20,1.221,1.4,1.38
SHELL,2015-03-21,1.218,1.4,1.381
SHELL,2015-03-22,1.222,1.404,1.385
SHELL,2015-03-23,1.218,1.401,1.383
SHELL,2015-03-24,1.217,1.403,1.385
SHELL,2015-03-25,1.214,1.407,1.389
SHELL,2015-03-26,1.214,1.411,1.392
SHELL,2015-03-27,1.228,1.432,1.413
SHELL,2015-03-28,1.229,1.435,1.415
SHELL,2015-03-29,1.229,1.438,1.419
SHELL,2015-03-30,1.23,1.438,1.419
SHELL,2015-03-31,1.217,1.423,1.408
SHELL,2015-04-01,1.22,1.429,1.409
SHELL,2015-04-02,1.213,1.425,1.405
SHELL,2015-04-03,1.234,1.448,1.429
SHELL,2015-04-04,1.218,1.432,1.412
SHELL,2015-04-05,1.222,1.437,1.417
SHELL,2015-04-06,1.225,1.44,1.42
SHELL,2015-04-07,1.22,1.434,1.414
SHELL,2015-04-08,1.224,1.435,1.415
SHELL,2015-04-09,1.224,1.434,1.415
SHELL,2015-04-10,1.223,1.434,1.414
SHELL,2015-04-11,1.223,1.433,1.413
SHELL,2015-04-12,1.228,1.438,1.418
SHELL,2015-04-13,1.232,1.44,1.42
SHELL,2015-04-14,1.242,1.45,1.43
SHELL,2015-04-15,1.243,1.451,1.431
SHELL,2015-04-16,1.252,1.46,1.441
SHELL,2015-04-17,1.259,1.47,1.45
SHELL,2015-04-18,1.259,1.47,1.45
SHELL,2015-04-19,1.264,1.474,1.454
SHELL,2015-04-20,1.26,1.473,1.453
SHELL,2015-04-21,1.256,1.471,1.453
SHELL,2015-04-22,1.259,1.473,1.453
SHELL,2015-04-23,1.256,1.471,1.451
SHELL,2015-04-24,1.26,1.477,1.457
SHELL,2015-04-25,1.264,1.481,1.461
SHELL,2015-04-26,1.271,1.49,1.47
SHELL,2015-04-27,1.268,1.486,1.466
SHELL,2015-04-28,1.27,1.49,1.47
SHELL,2015-04-29,1.272,1.491,1.471
SHELL,2015-04-30,1.268,1.487,1.467
SHELL,2015-05-01,1.277,1.494,1.474
SHELL,2015-05-02,1.272,1.491,1.471
SHELL,2015-05-03,1.277,1.497,1.477
SHELL,2015-05-04,1.271,1.49,1.47
SHELL,2015-05-05,1.276,1.495,1.475
SHELL,2015-05-06,1.282,1.499,1.479
SHELL,2015-05-07,1.289,1.502,1.483
SHELL,2015-05-08,1.28,1.493,1.473
SHELL,2015-05-09,1.28,1.49,1.47
SHELL,2015-05-10,1.285,1.494,1.475
SHELL,2015-05-11,1.277,1.488,1.468
SHELL,2015-05-12,1.274,1.487,1.467
SHELL,2015-05-13,1.275,1.485,1.465
SHELL,2015-05-14,1.289,1.497,1.477
SHELL,2015-05-15,1.286,1.495,1.475
SHELL,2015-05-16,1.286,1.494,1.474
SHELL,2015-05-17,1.29,1.499,1.479
SHELL,2015-05-18,1.285,1.495,1.475
SHELL,2015-05-19,1.279,1.492,1.472
SHELL,2015-05-20,1.277,1.489,1.47
SHELL,2015-05-21,1.276,1.485,1.469
SHELL,2015-05-22,1.278,1.49,1.47
SHELL,2015-05-23,1.283,1.493,1.473
SHELL,2015-05-24,1.286,1.498,1.478
SHELL,2015-05-25,1.286,1.497,1.477
SHELL,2015-05-26,1.283,1.499,1.479
SHELL,2015-05-27,1.279,1.5,1.48
SHELL,2015-05-28,1.274,1.492,1.473
SHELL,2015-05-29,1.272,1.492,1.473
SHELL,2015-05-30,1.273,1.493,1.473
SHELL,2015-05-31,1.278,1.497,1.477
TOTAL,2014-06-08,1.348,1.561,1.517
TOTAL,2014-06-09,1.393,1.604,1.558
TOTAL,2014-06-10,1.378,1.588,1.544
TOTAL,2014-06-11,1.384,1.595,1.549
TOTAL,2014-06-12,1.386,1.599,1.553
TOTAL,2014-06-13,1.395,1.609,1.563
TOTAL,2014-06-14,1.392,1.608,1.564
TOTAL,2014-06-15,1.4,1.615,1.571
TOTAL,2014-06-16,1.403,1.616,1.57
TOTAL,2014-06-17,1.406,1.62,1.574
TOTAL,2014-06-18,1.403,1.616,1.572
TOTAL,2014-06-19,1.407,1.622,1.578
TOTAL,2014-06-20,1.405,1.621,1.577
TOTAL,2014-06-21,1.402,1.618,1.574
TOTAL,2014-06-22,1.406,1.621,1.577
TOTAL,2014-06-23,1.406,1.622,1.578
TOTAL,2014-06-24,1.406,1.623,1.579
TOTAL,2014-06-25,1.406,1.623,1.577
TOTAL,2014-06-26,1.406,1.623,1.579
TOTAL,2014-06-27,1.402,1.62,1.578
TOTAL,2014-06-28,1.4,1.621,1.579
TOTAL,2014-06-29,1.404,1.623,1.581
TOTAL,2014-06-30,1.403,1.62,1.578
TOTAL,2014-07-01,1.404,1.622,1.578
TOTAL,2014-07-02,1.398,1.618,1.576
TOTAL,2014-07-03,1.394,1.614,1.57
TOTAL,2014-07-04,1.396,1.615,1.572
TOTAL,2014-07-05,1.39,1.613,1.571
TOTAL,2014-07-06,1.394,1.617,1.575
TOTAL,2014-07-07,1.389,1.611,1.567
TOTAL,2014-07-08,1.386,1.613,1.569
TOTAL,2014-07-09,1.384,1.611,1.567
TOTAL,2014-07-10,1.386,1.612,1.568
TOTAL,2014-07-11,1.382,1.61,1.566
TOTAL,2014-07-12,1.372,1.602,1.56
TOTAL,2014-07-13,1.376,1.605,1.563
TOTAL,2014-07-14,1.379,1.607,1.563
TOTAL,2014-07-15,1.38,1.604,1.56
TOTAL,2014-07-16,1.378,1.602,1.558
TOTAL,2014-07-17,1.377,1.599,1.557
TOTAL,2014-07-18,1.379,1.596,1.554
TOTAL,2014-07-19,1.374,1.59,1.548
TOTAL,2014-07-20,1.377,1.592,1.55
TOTAL,2014-07-21,1.371,1.592,1.548
TOTAL,2014-07-22,1.38,1.594,1.552
TOTAL,2014-07-23,1.366,1.577,1.534
TOTAL,2014-07-24,1.388,1.596,1.552
TOTAL,2014-07-25,1.393,1.599,1.555
TOTAL,2014-07-26,1.381,1.589,1.547
TOTAL,2014-07-27,1.386,1.594,1.552
TOTAL,2014-07-28,1.389,1.594,1.55
TOTAL,2014-07-29,1.389,1.592,1.548
TOTAL,2014-07-30,1.389,1.589,1.545
TOTAL,2014-07-31,1.389,1.588,1.544
TOTAL,2014-08-01,1.388,1.587,1.545
TOTAL,2014-08-02,1.382,1.584,1.542
TOTAL,2014-08-03,1.391,1.591,1.549
TOTAL,2014-08-04,1.386,1.583,1.539
TOTAL,2014-08-05,1.386,1.581,1.537
TOTAL,2014-08-06,1.387,1.577,1.534
TOTAL,2014-08-07,1.383,1.571,1.528
TOTAL,2014-08-08,1.384,1.572,1.528
TOTAL,2014-08-09,1.381,1.572,1.53
TOTAL,2014-08-10,1.389,1.58,1.538
TOTAL,2014-08-11,1.39,1.577,1.533
TOTAL,2014-08-12,1.385,1.575,1.531
TOTAL,2014-08-13,1.383,1.571,1.527
TOTAL,2014-08-14,1.38,1.569,1.525
TOTAL,2014-08-15,1.379,1.569,1.525
TOTAL,2014-08-16,1.375,1.567,1.525
TOTAL,2014-08-17,1.38,1.57,1.528
TOTAL,2014-08-18,1.376,1.564,1.52
TOTAL,2014-08-19,1.373,1.561,1.517
TOTAL,2014-08-20,1.373,1.564,1.52
TOTAL,2014-08-21,1.38,1.571,1.527
TOTAL,2014-08-22,1.381,1.575,1.531
TOTAL,2014-08-23,1.377,1.573,1.531
TOTAL,2014-08-24,1.384,1.581,1.539
TOTAL,2014-08-25,1.381,1.575,1.531
TOTAL,2014-08-26,1.382,1.577,1.533
TOTAL,2014-08-27,1.383,1.578,1.536
TOTAL,2014-08-28,1.384,1.581,1.537
TOTAL,2014-08-29,1.384,1.58,1.536
TOTAL,2014-08-30,1.381,1.578,1.536
TOTAL,2014-08-31,1.387,1.583,1.541
TOTAL,2014-09-01,1.385,1.579,1.538
TOTAL,2014-09-02,1.384,1.578,1.534
TOTAL,2014-09-03,1.385,1.578,1.535
TOTAL,2014-09-04,1.384,1.578,1.534
TOTAL,2014-09-05,1.389,1.584,1.54
TOTAL,2014-09-06,1.386,1.584,1.542
TOTAL,2014-09-07,1.389,1.587,1.545
TOTAL,2014-09-08,1.387,1.582,1.538
TOTAL,2014-09-09,1.385,1.581,1.539
TOTAL,2014-09-10,1.384,1.58,1.538
TOTAL,2014-09-11,1.383,1.581,1.537
TOTAL,2014-09-12,1.378,1.576,1.532
TOTAL,2014-09-13,1.361,1.562,1.52
TOTAL,2014-09-14,1.385,1.584,1.542
TOTAL,2014-09-15,1.37,1.567,1.523
TOTAL,2014-09-16,1.373,1.57,1.527
TOTAL,2014-09-17,1.374,1.572,1.528
TOTAL,2014-09-18,1.37,1.568,1.524
TOTAL,2014-09-19,1.366,1.563,1.519
TOTAL,2014-09-20,1.371,1.572,1.53
TOTAL,2014-09-21,1.368,1.569,1.527
TOTAL,2014-09-22,1.37,1.568,1.524
TOTAL,2014-09-23,1.369,1.567,1.523
TOTAL,2014-09-24,1.365,1.563,1.519
TOTAL,2014-09-25,1.366,1.565,1.521
TOTAL,2014-09-26,1.364,1.564,1.52
TOTAL,2014-09-27,1.363,1.564,1.522
TOTAL,2014-09-28,1.368,1.568,1.526
TOTAL,2014-09-29,1.37,1.567,1.523
TOTAL,2014-09-30,1.37,1.565,1.522
TOTAL,2014-10-01,1.373,1.569,1.525
TOTAL,2014-10-02,1.37,1.566,1.523
TOTAL,2014-10-03,1.369,1.567,1.524
TOTAL,2014-10-04,1.362,1.563,1.521
TOTAL,2014-10-05,1.366,1.567,1.525
TOTAL,2014-10-06,1.36,1.563,1.519
TOTAL,2014-10-07,1.358,1.56,1.517
TOTAL,2014-10-08,1.352,1.559,1.515
TOTAL,2014-10-09,1.35,1.557,1.513
TOTAL,2014-10-10,1.35,1.556,1.512
TOTAL,2014-10-11,1.335,1.542,1.498
TOTAL,2014-10-12,1.345,1.551,1.509
TOTAL,2014-10-13,1.339,1.544,1.5
TOTAL,2014-10-14,1.337,1.539,1.495
TOTAL,2014-10-15,1.334,1.532,1.489
TOTAL,2014-10-16,1.327,1.52,1.477
TOTAL,2014-10-17,1.316,1.509,1.467
TOTAL,2014-10-18,1.317,1.504,1.462
TOTAL,2014-10-19,1.323,1.508,1.466
TOTAL,2014-10-20,1.317,1.503,1.461
TOTAL,2014-10-21,1.316,1.5,1.456
TOTAL,2014-10-22,1.32,1.5,1.456
TOTAL,2014-10-23,1.321,1.498,1.456
TOTAL,2014-10-24,1.323,1.499,1.457
TOTAL,2014-10-25,1.322,1.494,1.453
TOTAL,2014-10-26,1.323,1.497,1.455
TOTAL,2014-10-27,1.317,1.493,1.452
TOTAL,2014-10-28,1.314,1.493,1.449
TOTAL,2014-10-29,1.317,1.492,1.449
TOTAL,2014-10-30,1.315,1.491,1.448
TOTAL,2014-11-01,1.324,1.499,1.455
TOTAL,2014-11-02,1.321,1.495,1.451
TOTAL,2014-11-03,1.325,1.497,1.453
TOTAL,2014-11-04,1.328,1.498,1.454
TOTAL,2014-11-05,1.327,1.495,1.452
TOTAL,2014-11-06,1.323,1.493,1.451
TOTAL,2014-11-07,1.321,1.493,1.449
TOTAL,2014-11-08,1.322,1.494,1.452
TOTAL,2014-11-09,1.326,1.499,1.457
TOTAL,2014-11-10,1.322,1.494,1.452
TOTAL,2014-11-11,1.327,1.495,1.451
TOTAL,2014-11-12,1.324,1.491,1.447
TOTAL,2014-11-13,1.32,1.487,1.443
TOTAL,2014-11-14,1.316,1.484,1.44
TOTAL,2014-11-15,1.292,1.464,1.422
TOTAL,2014-11-16,1.317,1.487,1.446
TOTAL,2014-11-17,1.308,1.479,1.435
TOTAL,2014-11-18,1.311,1.479,1.435
TOTAL,2014-11-19,1.299,1.472,1.429
TOTAL,2014-11-20,1.294,1.468,1.426
TOTAL,2014-11-21,1.297,1.471,1.427
TOTAL,2014-11-22,1.298,1.474,1.432
TOTAL,2014-11-23,1.3,1.476,1.434
TOTAL,2014-11-24,1.295,1.471,1.427
TOTAL,2014-11-25,1.295,1.469,1.426
TOTAL,2014-11-26,1.297,1.47,1.427
TOTAL,2014-11-27,1.293,1.466,1.425
TOTAL,2014-11-28,1.281,1.454,1.411
TOTAL,2014-11-29,1.269,1.447,1.406
TOTAL,2014-11-30,1.268,1.445,1.403
TOTAL,2014-12-01,1.266,1.44,1.396
TOTAL,2014-12-02,1.26,1.43,1.387
TOTAL,2014-12-03,1.255,1.42,1.377
TOTAL,2014-12-04,1.256,1.416,1.372
TOTAL,2014-12-05,1.253,1.411,1.366
TOTAL,2014-12-06,1.244,1.407,1.363
TOTAL,2014-12-07,1.239,1.401,1.358
TOTAL,2014-12-08,1.234,1.394,1.351
TOTAL,2014-12-09,1.233,1.392,1.351
TOTAL,2014-12-10,1.229,1.386,1.343
TOTAL,2014-12-11,1.219,1.374,1.331
TOTAL,2014-12-12,1.213,1.368,1.324
TOTAL,2014-12-13,1.21,1.364,1.322
TOTAL,2014-12-14,1.204,1.357,1.314
TOTAL,2014-12-15,1.206,1.355,1.312
TOTAL,2014-12-16,1.202,1.35,1.307
TOTAL,2014-12-17,1.191,1.341,1.299
TOTAL,2014-12-18,1.185,1.334,1.291
TOTAL,2014-12-19,1.184,1.333,1.29
TOTAL,2014-12-20,1.184,1.335,1.294
TOTAL,2014-12-21,1.186,1.337,1.295
TOTAL,2014-12-22,1.188,1.335,1.292
TOTAL,2014-12-23,1.19,1.336,1.293
TOTAL,2014-12-24,1.192,1.338,1.294
TOTAL,2014-12-27,1.186,1.332,1.289
TOTAL,2014-12-28,1.187,1.335,1.293
TOTAL,2014-12-29,1.187,1.333,1.29
TOTAL,2014-12-30,1.186,1.331,1.288
TOTAL,2014-12-31,1.185,1.331,1.288
TOTAL,2015-01-02,1.177,1.324,1.281
TOTAL,2015-01-03,1.172,1.322,1.281
TOTAL,2015-01-05,1.169,1.32,1.276
TOTAL,2015-01-06,1.162,1.314,1.275
TOTAL,2015-01-07,1.153,1.308,1.284
TOTAL,2015-01-08,1.146,1.302,1.277
TOTAL,2015-01-09,1.144,1.301,1.276
TOTAL,2015-01-10,1.144,1.299,1.276
TOTAL,2015-01-11,1.15,1.304,1.283
TOTAL,2015-01-12,1.139,1.294,1.271
TOTAL,2015-01-13,1.136,1.292,1.269
TOTAL,2015-01-14,1.124,1.282,1.259
TOTAL,2015-01-15,1.123,1.282,1.259
TOTAL,2015-01-16,1.121,1.281,1.257
TOTAL,2015-01-17,1.123,1.287,1.266
TOTAL,2015-01-18,1.125,1.288,1.266
TOTAL,2015-01-19,1.132,1.29,1.267
TOTAL,2015-01-20,1.129,1.29,1.267
TOTAL,2015-01-21,1.128,1.29,1.267
TOTAL,2015-01-22,1.126,1.284,1.261
TOTAL,2015-01-23,1.132,1.29,1.267
TOTAL,2015-01-24,1.13,1.29,1.268
TOTAL,2015-01-25,1.134,1.293,1.272
TOTAL,2015-01-26,1.132,1.289,1.266
TOTAL,2015-01-27,1.132,1.29,1.266
TOTAL,2015-01-28,1.133,1.291,1.268
TOTAL,2015-01-29,1.129,1.289,1.266
TOTAL,2015-01-30,1.133,1.295,1.272
TOTAL,2015-01-31,1.133,1.297,1.275
TOTAL,2015-02-01,1.136,1.3,1.28
TOTAL,2015-02-02,1.139,1.303,1.28
TOTAL,2015-02-03,1.154,1.319,1.295
TOTAL,2015-02-04,1.169,1.333,1.31
TOTAL,2015-02-05,1.172,1.337,1.314
TOTAL,2015-02-06,1.174,1.334,1.311
TOTAL,2015-02-07,1.18,1.342,1.318
TOTAL,2015-02-08,1.185,1.345,1.325
TOTAL,2015-02-09,1.188,1.347,1.323
TOTAL,2015-02-10,1.178,1.339,1.318
TOTAL,2015-02-11,1.209,1.366,1.342
TOTAL,2015-02-12,1.198,1.355,1.332
TOTAL,2015-02-13,1.203,1.36,1.337
TOTAL,2015-02-14,1.205,1.364,1.34
TOTAL,2015-02-15,1.207,1.365,1.343
TOTAL,2015-02-16,1.212,1.366,1.344
TOTAL,2015-02-17,1.223,1.374,1.35
TOTAL,2015-02-18,1.225,1.374,1.351
TOTAL,2015-02-19,1.227,1.373,1.35
TOTAL,2015-02-20,1.226,1.373,1.35
TOTAL,2015-02-21,1.214,1.364,1.342
TOTAL,2015-02-22,1.226,1.374,1.353
TOTAL,2015-02-23,1.228,1.374,1.35
TOTAL,2015-02-24,1.23,1.377,1.354
TOTAL,2015-02-25,1.238,1.384,1.36
TOTAL,2015-02-26,1.228,1.376,1.353
TOTAL,2015-02-27,1.234,1.384,1.361
TOTAL,2015-02-28,1.231,1.386,1.364
TOTAL,2015-03-01,1.235,1.391,1.369
TOTAL,2015-03-02,1.239,1.394,1.371
TOTAL,2015-03-03,1.239,1.398,1.374
TOTAL,2015-03-04,1.235,1.402,1.378
TOTAL,2015-03-05,1.237,1.406,1.382
TOTAL,2015-03-06,1.237,1.408,1.384
TOTAL,2015-03-07,1.231,1.407,1.385
TOTAL,2015-03-08,1.241,1.417,1.395
TOTAL,2015-03-09,1.24,1.413,1.389
TOTAL,2015-03-10,1.242,1.416,1.392
TOTAL,2015-03-11,1.241,1.418,1.395
TOTAL,2015-03-12,1.237,1.419,1.395
TOTAL,2015-03-13,1.237,1.424,1.4
TOTAL,2015-03-14,1.229,1.423,1.401
TOTAL,2015-03-15,1.234,1.426,1.405
TOTAL,2015-03-16,1.225,1.419,1.396
TOTAL,2015-03-17,1.223,1.42,1.397
TOTAL,2015-03-18,1.215,1.413,1.389
TOTAL,2015-03-19,1.215,1.413,1.39
TOTAL,2015-03-20,1.217,1.415,1.392
TOTAL,2015-03-21,1.211,1.412,1.391
TOTAL,2015-03-22,1.218,1.419,1.397
TOTAL,2015-03-23,1.215,1.415,1.391
TOTAL,2015-03-24,1.213,1.415,1.391
TOTAL,2015-03-25,1.213,1.419,1.396
TOTAL,2015-03-26,1.212,1.422,1.399
TOTAL,2015-03-27,1.218,1.434,1.41
TOTAL,2015-03-28,1.215,1.435,1.413
TOTAL,2015-03-29,1.212,1.433,1.411
TOTAL,2015-03-30,1.216,1.434,1.41
TOTAL,2015-03-31,1.219,1.435,1.412
TOTAL,2015-04-01,1.217,1.438,1.415
TOTAL,2015-04-02,1.216,1.438,1.414
TOTAL,2015-04-03,1.215,1.438,1.415
TOTAL,2015-04-04,1.206,1.43,1.408
TOTAL,2015-04-05,1.21,1.436,1.414
TOTAL,2015-04-06,1.215,1.44,1.418
TOTAL,2015-04-07,1.216,1.437,1.414
TOTAL,2015-04-08,1.215,1.438,1.415
TOTAL,2015-04-09,1.218,1.438,1.416
TOTAL,2015-04-10,1.22,1.442,1.418
TOTAL,2015-04-11,1.217,1.437,1.415
TOTAL,2015-04-12,1.222,1.442,1.42
TOTAL,2015-04-13,1.224,1.443,1.422
TOTAL,2015-04-14,1.233,1.451,1.428
TOTAL,2015-04-15,1.239,1.455,1.432
TOTAL,2015-04-16,1.243,1.46,1.437
TOTAL,2015-04-17,1.25,1.469,1.446
TOTAL,2015-04-18,1.245,1.466,1.444
TOTAL,2015-04-19,1.254,1.472,1.451
TOTAL,2015-04-20,1.251,1.474,1.45
TOTAL,2015-04-21,1.249,1.476,1.452
TOTAL,2015-04-22,1.25,1.477,1.453
TOTAL,2015-04-23,1.249,1.475,1.451
TOTAL,2015-04-24,1.252,1.48,1.456
TOTAL,2015-04-25,1.251,1.478,1.457
TOTAL,2015-04-26,1.261,1.49,1.468
TOTAL,2015-04-27,1.257,1.486,1.462
TOTAL,2015-04-28,1.262,1.492,1.469
TOTAL,2015-04-29,1.262,1.491,1.467
TOTAL,2015-04-30,1.259,1.489,1.465
TOTAL,2015-05-01,1.255,1.483,1.462
TOTAL,2015-05-02,1.253,1.483,1.459
TOTAL,2015-05-03,1.26,1.491,1.469
TOTAL,2015-05-04,1.26,1.49,1.467
TOTAL,2015-05-05,1.263,1.494,1.471
TOTAL,2015-05-06,1.267,1.498,1.476
TOTAL,2015-05-07,1.273,1.501,1.477
TOTAL,2015-05-08,1.266,1.492,1.468
TOTAL,2015-05-09,1.259,1.482,1.46
TOTAL,2015-05-10,1.266,1.49,1.468
TOTAL,2015-05-11,1.262,1.489,1.465
TOTAL,2015-05-12,1.26,1.485,1.461
TOTAL,2015-05-13,1.262,1.486,1.462
TOTAL,2015-05-14,1.269,1.494,1.472
TOTAL,2015-05-15,1.271,1.493,1.469
TOTAL,2015-05-16,1.254,1.474,1.453
TOTAL,2015-05-17,1.28,1.503,1.481
TOTAL,2015-05-18,1.271,1.493,1.469
TOTAL,2015-05-19,1.263,1.489,1.465
TOTAL,2015-05-20,1.26,1.486,1.462
TOTAL,2015-05-21,1.265,1.49,1.466
TOTAL,2015-05-22,1.264,1.491,1.468
TOTAL,2015-05-23,1.26,1.486,1.464
TOTAL,2015-05-24,1.263,1.491,1.469
TOTAL,2015-05-25,1.264,1.493,1.472
TOTAL,2015-05-26,1.268,1.497,1.474
TOTAL,2015-05-27,1.261,1.494,1.47
TOTAL,2015-05-28,1.257,1.487,1.463
TOTAL,2015-05-29,1.254,1.488,1.465
TOTAL,2015-05-30,1.248,1.481,1.458
TOTAL,2015-05-31,1.257,1.49,1.466
SHELL,2014-06-08,1.386,1.592,1.54
SHELL,2014-11-01,1.343,1.5,1.46
SHELL,2015-02-08,1.204,1.352,1.333
ARAL,2014-06-08,1.36,1.569,1.528
ARAL,2014-06-09,1.406,1.615,1.573
ARAL,2014-06-10,1.388,1.602,1.56
ARAL,2014-06-11,1.395,1.607,1.565
ARAL,2014-06-12,1.396,1.609,1.568
ARAL,2014-06-13,1.406,1.619,1.577
ARAL,2014-06-14,1.409,1.623,1.581
ARAL,2014-06-15,1.416,1.629,1.588
ARAL,2014-06-16,1.41,1.624,1.582
ARAL,2014-06-17,1.412,1.625,1.583
ARAL,2014-06-18,1.41,1.623,1.582
ARAL,2014-06-19,1.415,1.627,1.586
ARAL,2014-06-20,1.414,1.627,1.586
ARAL,2014-06-21,1.416,1.63,1.588
ARAL,2014-06-22,1.419,1.632,1.59
ARAL,2014-06-23,1.414,1.629,1.587
ARAL,2014-06-24,1.416,1.629,1.588
ARAL,2014-06-25,1.414,1.629,1.587
ARAL,2014-06-26,1.414,1.628,1.587
ARAL,2014-06-27,1.411,1.627,1.585
ARAL,2014-06-28,1.419,1.63,1.588
ARAL,2014-06-29,1.418,1.632,1.59
ARAL,2014-06-30,1.411,1.626,1.584
ARAL,2014-07-01,1.409,1.626,1.585
ARAL,2014-07-02,1.405,1.621,1.579
ARAL,2014-07-03,1.402,1.619,1.578
ARAL,2014-07-04,1.401,1.62,1.579
ARAL,2014-07-05,1.403,1.622,1.58
ARAL,2014-07-06,1.406,1.625,1.583
ARAL,2014-07-07,1.396,1.617,1.576
ARAL,2014-07-08,1.395,1.618,1.577
ARAL,2014-07-09,1.394,1.618,1.576
ARAL,2014-07-10,1.395,1.618,1.577
ARAL,2014-07-11,1.391,1.615,1.574
ARAL,2014-07-12,1.391,1.616,1.574
ARAL,2014-07-13,1.394,1.617,1.576
ARAL,2014-07-14,1.388,1.614,1.572
ARAL,2014-07-15,1.388,1.612,1.571
ARAL,2014-07-16,1.387,1.607,1.566
ARAL,2014-07-17,1.387,1.605,1.563
ARAL,2014-07-18,1.392,1.604,1.562
ARAL,2014-07-19,1.393,1.601,1.56
ARAL,2014-07-20,1.396,1.603,1.562
ARAL,2014-07-21,1.379,1.595,1.554
ARAL,2014-07-22,1.389,1.599,1.558
ARAL,2014-07-23,1.371,1.582,1.54
ARAL,2014-07-24,1.401,1.608,1.566
ARAL,2014-07-25,1.397,1.602,1.561
ARAL,2014-07-26,1.398,1.602,1.561
ARAL,2014-07-27,1.402,1.607,1.565
ARAL,2014-07-28,1.399,1.601,1.56
ARAL,2014-07-29,1.396,1.597,1.556
ARAL,2014-07-30,1.4,1.597,1.556
ARAL,2014-07-31,1.397,1.596,1.554
ARAL,2014-08-01,1.396,1.593,1.552
ARAL,2014-08-02,1.398,1.595,1.553
ARAL,2014-08-03,1.403,1.598,1.556
ARAL,2014-08-04,1.394,1.589,1.548
ARAL,2014-08-05,1.394,1.586,1.545
ARAL,2014-08-06,1.402,1.589,1.548
ARAL,2014-08-07,1.4,1.585,1.543
ARAL,2014-08-08,1.39,1.576,1.535
ARAL,2014-08-09,1.395,1.58,1.539
ARAL,2014-08-10,1.402,1.587,1.546
ARAL,2014-08-11,1.403,1.588,1.547
ARAL,2014-08-12,1.388,1.577,1.535
ARAL,2014-08-13,1.387,1.576,1.534
ARAL,2014-08-14,1.386,1.575,1.534
ARAL,2014-08-15,1.386,1.573,1.532
ARAL,2014-08-16,1.388,1.573,1.534
ARAL,2014-08-17,1.394,1.577,1.537
ARAL,2014-08-18,1.385,1.569,1.529
ARAL,2014-08-19,1.383,1.568,1.528
ARAL,2014-08-20,1.382,1.569,1.529
ARAL,2014-08-21,1.385,1.573,1.533
ARAL,2014-08-22,1.388,1.578,1.538
ARAL,2014-08-23,1.392,1.581,1.541
ARAL,2014-08-24,1.399,1.588,1.548
ARAL,2014-08-25,1.388,1.579,1.539
ARAL,2014-08-26,1.389,1.583,1.543
ARAL,2014-08-27,1.389,1.584,1.544
ARAL,2014-08-28,1.391,1.585,1.545
ARAL,2014-08-29,1.392,1.585,1.545
ARAL,2014-08-30,1.395,1.587,1.547
ARAL,2014-08-31,1.402,1.592,1.552
ARAL,2014-09-01,1.395,1.587,1.547
ARAL,2014-09-02,1.39,1.583,1.543
ARAL,2014-09-03,1.387,1.58,1.54
ARAL,2014-09-04,1.387,1.579,1.539
ARAL,2014-09-05,1.393,1.585,1.545
ARAL,2014-09-06,1.394,1.586,1.547
ARAL,2014-09-07,1.398,1.59,1.55
ARAL,2014-09-08,1.391,1.584,1.544
ARAL,2014-09-09,1.389,1.582,1.543
ARAL,2014-09-10,1.388,1.582,1.542
ARAL,2014-09-11,1.387,1.582,1.542
ARAL,2014-09-12,1.382,1.576,1.536
ARAL,2014-09-13,1.383,1.577,1.537
ARAL,2014-09-14,1.389,1.581,1.541
ARAL,2014-09-15,1.379,1.574,1.534
ARAL,2014-09-16,1.381,1.575,1.535
ARAL,2014-09-17,1.381,1.576,1.536
ARAL,2014-09-18,1.365,1.563,1.523
ARAL,2014-09-19,1.392,1.584,1.544
ARAL,2014-09-20,1.382,1.576,1.536
ARAL,2014-09-21,1.384,1.577,1.537
ARAL,2014-09-22,1.38,1.574,1.534
ARAL,2014-09-23,1.377,1.572,1.532
ARAL,2014-09-24,1.373,1.568,1.528
ARAL,2014-09-25,1.371,1.567,1.527
ARAL,2014-09-26,1.374,1.569,1.53
ARAL,2014-09-27,1.379,1.571,1.531
ARAL,2014-09-28,1.386,1.575,1.535
ARAL,2014-09-29,1.377,1.57,1.53
ARAL,2014-09-30,1.375,1.567,1.527
ARAL,2014-10-01,1.377,1.567,1.527
ARAL,2014-10-02,1.376,1.569,1.529
ARAL,2014-10-03,1.377,1.571,1.531
ARAL,2014-10-04,1.374,1.569,1.529
ARAL,2014-10-05,1.375,1.571,1.531
ARAL,2014-10-06,1.368,1.566,1.526
ARAL,2014-10-07,1.364,1.564,1.524
ARAL,2014-10-08,1.36,1.563,1.523
ARAL,2014-10-09,1.358,1.561,1.521
ARAL,2014-10-10,1.353,1.556,1.516
ARAL,2014-10-11,1.342,1.545,1.505
ARAL,2014-10-12,1.353,1.555,1.515
ARAL,2014-10-13,1.345,1.548,1.508
ARAL,2014-10-14,1.342,1.543,1.503
ARAL,2014-10-15,1.341,1.537,1.497
ARAL,2014-10-16,1.335,1.527,1.487
ARAL,2014-10-17,1.326,1.516,1.477
ARAL,2014-10-18,1.328,1.517,1.477
ARAL,2014-10-19,1.334,1.521,1.481
ARAL,2014-10-20,1.328,1.512,1.472
ARAL,2014-10-21,1.328,1.507,1.467
ARAL,2014-10-22,1.33,1.507,1.467
ARAL,2014-10-23,1.33,1.506,1.466
ARAL,2014-10-24,1.332,1.507,1.467
ARAL,2014-10-25,1.335,1.507,1.467
ARAL,2014-10-26,1.337,1.511,1.471
ARAL,2014-10-27,1.331,1.503,1.463
ARAL,2014-10-28,1.327,1.5,1.46
ARAL,2014-10-29,1.326,1.499,1.459
ARAL,2014-10-30,1.328,1.499,1.459
ARAL,2014-10-31,1.332,1.5,1.46
ARAL,2014-11-01,1.335,1.503,1.463
ARAL,2014-11-02,1.338,1.504,1.464
ARAL,2014-11-03,1.345,1.511,1.471
ARAL,2014-11-04,1.338,1.502,1.462
ARAL,2014-11-05,1.336,1.499,1.459
ARAL,2014-11-06,1.333,1.497,1.457
ARAL,2014-11-07,1.336,1.497,1.457
ARAL,2014-11-08,1.339,1.499,1.459
ARAL,2014-11-09,1.345,1.503,1.464
ARAL,2014-11-10,1.34,1.499,1.46
ARAL,2014-11-11,1.339,1.498,1.458
ARAL,2014-11-12,1.335,1.496,1.456
ARAL,2014-11-13,1.332,1.494,1.454
ARAL,2014-11-14,1.328,1.49,1.45
ARAL,2014-11-15,1.322,1.485,1.445
ARAL,2014-11-16,1.326,1.488,1.449
ARAL,2014-11-17,1.32,1.483,1.443
ARAL,2014-11-18,1.317,1.482,1.442
ARAL,2014-11-19,1.309,1.478,1.438
ARAL,2014-11-20,1.303,1.47,1.43
ARAL,2014-11-21,1.304,1.474,1.434
ARAL,2014-11-22,1.31,1.479,1.439
ARAL,2014-11-23,1.315,1.483,1.443
ARAL,2014-11-24,1.308,1.477,1.437
ARAL,2014-11-25,1.301,1.471,1.431
ARAL,2014-11-26,1.305,1.475,1.435
ARAL,2014-11-27,1.3,1.47,1.43
ARAL,2014-11-28,1.291,1.46,1.42
ARAL,2014-11-29,1.282,1.451,1.411
ARAL,2014-11-30,1.282,1.451,1.411
ARAL,2014-12-01,1.279,1.446,1.406
ARAL,2014-12-02,1.269,1.433,1.393
ARAL,2014-12-03,1.266,1.426,1.386
ARAL,2014-12-04,1.263,1.419,1.379
ARAL,2014-12-05,1.258,1.414,1.374
ARAL,2014-12-06,1.247,1.406,1.368
ARAL,2014-12-07,1.249,1.406,1.366
ARAL,2014-12-08,1.246,1.403,1.363
ARAL,2014-12-09,1.242,1.398,1.358
ARAL,2014-12-10,1.237,1.391,1.351
ARAL,2014-12-11,1.229,1.382,1.342
ARAL,2014-12-12,1.223,1.375,1.335
ARAL,2014-12-13,1.22,1.368,1.328
ARAL,2014-12-14,1.219,1.366,1.326
ARAL,2014-12-15,1.216,1.363,1.323
ARAL,2014-12-16,1.211,1.357,1.317
ARAL,2014-12-17,1.2,1.348,1.308
ARAL,2014-12-18,1.192,1.339,1.299
ARAL,2014-12-19,1.193,1.341,1.301
ARAL,2014-12-20,1.197,1.343,1.304
ARAL,2014-12-21,1.201,1.347,1.307
ARAL,2014-12-22,1.197,1.344,1.304
ARAL,2014-12-23,1.197,1.342,1.302
ARAL,2014-12-24,1.202,1.345,1.305
ARAL,2014-12-25,1.209,1.35,1.31
ARAL,2014-12-26,1.207,1.349,1.309
ARAL,2014-12-27,1.199,1.341,1.301
ARAL,2014-12-28,1.202,1.345,1.305
ARAL,2014-12-29,1.196,1.339,1.299
ARAL,2014-12-30,1.189,1.332,1.293
ARAL,2014-12-31,1.191,1.334,1.302
ARAL,2015-01-01,1.201,1.344,1.324
ARAL,2015-01-02,1.182,1.328,1.307
ARAL,2015-01-03,1.18,1.326,1.306
ARAL,2015-01-04,1.184,1.33,1.31
ARAL,2015-01-05,1.175,1.323,1.303
ARAL,2015-01-06,1.171,1.319,1.299
ARAL,2015-01-07,1.165,1.315,1.295
ARAL,2015-01-08,1.158,1.309,1.289
ARAL,2015-01-09,1.153,1.305,1.286
ARAL,2015-01-10,1.152,1.302,1.282
ARAL,2015-01-11,1.157,1.307,1.287
ARAL,2015-01-12,1.146,1.299,1.279
ARAL,2015-01-13,1.14,1.294,1.274
ARAL,2015-01-14,1.128,1.285,1.265
ARAL,2015-01-15,1.126,1.284,1.264
ARAL,2015-01-16,1.126,1.284,1.264
ARAL,2015-01-17,1.131,1.29,1.27
ARAL,2015-01-18,1.133,1.291,1.271
ARAL,2015-01-19,1.133,1.291,1.271
ARAL,2015-01-20,1.133,1.293,1.273
ARAL,2015-01-21,1.133,1.292,1.272
ARAL,2015-01-22,1.134,1.289,1.269
ARAL,2015-01-23,1.139,1.294,1.274
ARAL,2015-01-24,1.143,1.296,1.276
ARAL,2015-01-25,1.148,1.3,1.28
ARAL,2015-01-26,1.143,1.296,1.276
ARAL,2015-01-27,1.14,1.295,1.275
ARAL,2015-01-28,1.142,1.295,1.275
ARAL,2015-01-29,1.139,1.295,1.275
ARAL,2015-01-30,1.142,1.302,1.282
ARAL,2015-01-31,1.147,1.306,1.286
ARAL,2015-02-01,1.15,1.309,1.289
ARAL,2015-02-02,1.154,1.316,1.296
ARAL,2015-02-03,1.171,1.333,1.313
ARAL,2015-02-04,1.179,1.341,1.321
ARAL,2015-02-05,1.178,1.34,1.32
ARAL,2015-02-06,1.186,1.346,1.326
ARAL,2015-02-07,1.197,1.354,1.334
ARAL,2015-02-08,1.203,1.358,1.338
ARAL,2015-02-09,1.2,1.357,1.337
ARAL,2015-02-10,1.206,1.361,1.341
ARAL,2015-02-11,1.209,1.361,1.341
ARAL,2015-02-12,1.207,1.359,1.339
ARAL,2015-02-13,1.217,1.367,1.347
ARAL,2015-02-14,1.225,1.373,1.353
ARAL,2015-02-15,1.23,1.378,1.358
ARAL,2015-02-16,1.229,1.378,1.358
ARAL,2015-02-17,1.232,1.377,1.357
ARAL,2015-02-18,1.233,1.375,1.355
ARAL,2015-02-19,1.232,1.374,1.354
ARAL,2015-02-20,1.231,1.372,1.352
ARAL,2015-02-21,1.232,1.372,1.352
ARAL,2015-02-22,1.24,1.379,1.359
ARAL,2015-02-23,1.235,1.376,1.356
ARAL,2015-02-24,1.234,1.379,1.359
ARAL,2015-02-25,1.241,1.388,1.368
ARAL,2015-02-26,1.239,1.387,1.367
ARAL,2015-02-27,1.237,1.388,1.368
ARAL,2015-02-28,1.243,1.396,1.376
ARAL,2015-03-01,1.244,1.398,1.378
ARAL,2015-03-02,1.244,1.398,1.378
ARAL,2015-03-03,1.242,1.4,1.38
ARAL,2015-03-04,1.24,1.405,1.385
ARAL,2015-03-05,1.243,1.409,1.389
ARAL,2015-03-06,1.245,1.414,1.394
ARAL,2015-03-07,1.246,1.416,1.396
ARAL,2015-03-08,1.251,1.421,1.401
ARAL,2015-03-09,1.246,1.416,1.396
ARAL,2015-03-10,1.246,1.418,1.398
ARAL,2015-03-11,1.243,1.42,1.4
ARAL,2015-03-12,1.242,1.425,1.405
ARAL,2015-03-13,1.242,1.428,1.408
ARAL,2015-03-14,1.241,1.429,1.409
ARAL,2015-03-15,1.244,1.431,1.411
ARAL,2015-03-16,1.234,1.422,1.402
ARAL,2015-03-17,1.226,1.417,1.397
ARAL,2015-03-18,1.218,1.411,1.391
ARAL,2015-03-19,1.219,1.414,1.394
ARAL,2015-03-20,1.221,1.415,1.395
ARAL,2015-03-21,1.219,1.415,1.395
ARAL,2015-03-22,1.224,1.419,1.399
ARAL,2015-03-23,1.217,1.414,1.394
ARAL,2015-03-24,1.218,1.418,1.398
ARAL,2015-03-25,1.218,1.424,1.404
ARAL,2015-03-26,1.22,1.432,1.412
ARAL,2015-03-27,1.225,1.444,1.424
ARAL,2015-03-28,1.227,1.448,1.428
ARAL,2015-03-29,1.227,1.451,1.431
ARAL,2015-03-30,1.221,1.444,1.424
ARAL,2015-03-31,1.223,1.441,1.421
ARAL,2015-04-01,1.22,1.442,1.422
ARAL,2015-04-02,1.219,1.444,1.424
ARAL,2015-04-03,1.222,1.448,1.428
ARAL,2015-04-04,1.217,1.444,1.424
ARAL,2015-04-05,1.22,1.449,1.429
ARAL,2015-04-06,1.222,1.451,1.431
ARAL,2015-04-07,1.22,1.445,1.425
ARAL,2015-04-08,1.221,1.445,1.425
ARAL,2015-04-09,1.223,1.445,1.425
ARAL,2015-04-10,1.222,1.444,1.424
ARAL,2015-04-11,1.224,1.446,1.426
ARAL,2015-04-12,1.228,1.449,1.429
ARAL,2015-04-13,1.231,1.452,1.432
ARAL,2015-04-14,1.238,1.457,1.437
ARAL,2015-04-15,1.24,1.46,1.44
ARAL,2015-04-16,1.245,1.468,1.448
ARAL,2015-04-17,1.25,1.473,1.453
ARAL,2015-04-18,1.251,1.475,1.455
ARAL,2015-04-19,1.257,1.48,1.46
ARAL,2015-04-20,1.252,1.477,1.457
ARAL,2015-04-21,1.253,1.478,1.458
ARAL,2015-04-22,1.254,1.478,1.458
ARAL,2015-04-23,1.253,1.478,1.458
ARAL,2015-04-24,1.257,1.483,1.463
ARAL,2015-04-25,1.261,1.488,1.468
ARAL,2015-04-26,1.27,1.497,1.477
ARAL,2015-04-27,1.265,1.493,1.473
ARAL,2015-04-28,1.266,1.495,1.475
ARAL,2015-04-29,1.269,1.498,1.478
ARAL,2015-04-30,1.265,1.493,1.473
ARAL,2015-05-01,1.272,1.499,1.479
ARAL,2015-05-02,1.27,1.498,1.478
ARAL,2015-05-03,1.274,1.502,1.483
ARAL,2015-05-04,1.266,1.495,1.475
ARAL,2015-05-05,1.272,1.502,1.482
ARAL,2015-05-06,1.275,1.504,1.484
ARAL,2015-05-07,1.279,1.506,1.486
ARAL,2015-05-08,1.276,1.501,1.481
ARAL,2015-05-09,1.276,1.498,1.478
ARAL,2015-05-10,1.28,1.502,1.482
ARAL,2015-05-11,1.273,1.495,1.475
ARAL,2015-05-12,1.272,1.492,1.472
ARAL,2015-05-13,1.271,1.49,1.47
ARAL,2015-05-14,1.282,1.5,1.48
ARAL,2015-05-15,1.275,1.493,1.473
ARAL,2015-05-16,1.28,1.496,1.476
ARAL,2015-05-17,1.284,1.502,1.482
ARAL,2015-05-18,1.278,1.499,1.479
ARAL,2015-05-19,1.272,1.495,1.475
ARAL,2015-05-20,1.27,1.492,1.472
ARAL,2015-05-21,1.274,1.494,1.474
ARAL,2015-05-22,1.273,1.495,1.475
ARAL,2015-05-23,1.278,1.498,1.478
ARAL,2015-05-24,1.282,1.503,1.483
ARAL,2015-05-25,1.281,1.503,1.483
ARAL,2015-05-26,1.277,1.5,1.481
ARAL,2015-05-27,1.269,1.497,1.478
ARAL,2015-05-28,1.265,1.493,1.473
ARAL,2015-05-29,1.265,1.493,1.473
ARAL,2015-05-30,1.269,1.495,1.475
ARAL,2015-05-31,1.274,1.5,1.48
ESSO,2014-06-08,1.357,1.566,1.5
ESSO,2014-06-09,1.405,1.609,1.542
ESSO,2014-06-10,1.388,1.594,1.528
ESSO,2014-06-11,1.389,1.597,1.529
ESSO,2014-06-12,1.392,1.601,1.533
ESSO,2014-06-13,1.405,1.611,1.543
ESSO,2014-06-14,1.398,1.607,1.54
ESSO,2014-06-15,1.406,1.615,1.55
ESSO,2014-06-16,1.389,1.597,1.532
ESSO,2014-06-17,1.407,1.616,1.551
ESSO,2014-06-18,1.408,1.616,1.551
ESSO,2014-06-19,1.408,1.614,1.55
ESSO,2014-06-20,1.406,1.612,1.549
ESSO,2014-06-21,1.388,1.597,1.533
ESSO,2014-06-22,1.423,1.627,1.566
ESSO,2014-06-23,1.41,1.617,1.554
ESSO,2014-06-24,1.404,1.615,1.552
ESSO,2014-06-25,1.406,1.617,1.555
ESSO,2014-06-26,1.407,1.617,1.555
ESSO,2014-06-27,1.404,1.614,1.552
ESSO,2014-06-28,1.41,1.62,1.558
ESSO,2014-06-29,1.414,1.622,1.563
ESSO,2014-06-30,1.407,1.615,1.553
ESSO,2014-07-01,1.416,1.622,1.56
ESSO,2014-07-02,1.405,1.616,1.554
ESSO,2014-07-03,1.4,1.611,1.549
ESSO,2014-07-04,1.398,1.609,1.549
ESSO,2014-07-05,1.401,1.613,1.552
ESSO,2014-07-06,1.406,1.617,1.555
ESSO,2014-07-07,1.391,1.606,1.544
ESSO,2014-07-08,1.39,1.607,1.545
ESSO,2014-07-09,1.388,1.606,1.544
ESSO,2014-07-10,1.389,1.608,1.547
ESSO,2014-07-11,1.386,1.604,1.543
ESSO,2014-07-12,1.364,1.584,1.522
ESSO,2014-07-13,1.4,1.614,1.554
ESSO,2014-07-14,1.386,1.602,1.541
ESSO,2014-07-15,1.39,1.605,1.543
ESSO,2014-07-16,1.389,1.605,1.544
ESSO,2014-07-17,1.386,1.601,1.541
ESSO,2014-07-18,1.382,1.594,1.534
ESSO,2014-07-19,1.357,1.568,1.508
ESSO,2014-07-20,1.413,1.618,1.558
ESSO,2014-07-21,1.377,1.588,1.528
ESSO,2014-07-22,1.389,1.592,1.532
ESSO,2014-07-23,1.38,1.584,1.524
ESSO,2014-07-24,1.399,1.6,1.54
ESSO,2014-07-25,1.397,1.598,1.538
ESSO,2014-07-26,1.395,1.597,1.538
ESSO,2014-07-27,1.402,1.603,1.547
ESSO,2014-07-28,1.402,1.602,1.542
ESSO,2014-07-29,1.396,1.593,1.533
ESSO,2014-07-30,1.394,1.589,1.53
ESSO,2014-07-31,1.393,1.59,1.531
ESSO,2014-08-01,1.396,1.592,1.534
ESSO,2014-08-02,1.4,1.595,1.537
ESSO,2014-08-03,1.407,1.6,1.542
ESSO,2014-08-04,1.394,1.587,1.528
ESSO,2014-08-05,1.391,1.582,1.524
ESSO,2014-08-06,1.391,1.58,1.522
ESSO,2014-08-07,1.383,1.571,1.512
ESSO,2014-08-08,1.386,1.573,1.515
ESSO,2014-08-09,1.392,1.579,1.521
ESSO,2014-08-10,1.4,1.588,1.529
ESSO,2014-08-11,1.392,1.578,1.521
ESSO,2014-08-12,1.393,1.578,1.521
ESSO,2014-08-13,1.389,1.574,1.517
ESSO,2014-08-14,1.383,1.569,1.512
ESSO,2014-08-15,1.388,1.566,1.517
ESSO,2014-08-16,1.39,1.558,1.521
ESSO,2014-08-17,1.398,1.565,1.527
ESSO,2014-08-18,1.383,1.55,1.512
ESSO,2014-08-19,1.381,1.548,1.51
ESSO,2014-08-20,1.377,1.545,1.507
ESSO,2014-08-21,1.383,1.552,1.514
ESSO,2014-08-22,1.383,1.553,1.516
ESSO,2014-08-23,1.389,1.561,1.523
ESSO,2014-08-24,1.395,1.567,1.53
ESSO,2014-08-25,1.387,1.559,1.521
ESSO,2014-08-26,1.39,1.562,1.524
ESSO,2014-08-27,1.391,1.564,1.526
ESSO,2014-08-28,1.393,1.568,1.53
ESSO,2014-08-29,1.389,1.565,1.527
ESSO,2014-08-30,1.394,1.57,1.532
ESSO,2014-08-31,1.398,1.573,1.535
ESSO,2014-09-01,1.395,1.57,1.532
ESSO,2014-09-02,1.39,1.568,1.53
ESSO,2014-09-03,1.388,1.567,1.529
ESSO,2014-09-04,1.385,1.564,1.526
ESSO,2014-09-05,1.388,1.568,1.53
ESSO,2014-09-06,1.401,1.582,1.544
ESSO,2014-09-07,1.402,1.584,1.546
ESSO,2014-09-08,1.395,1.577,1.539
ESSO,2014-09-09,1.398,1.58,1.542
ESSO,2014-09-10,1.393,1.574,1.536
ESSO,2014-09-11,1.393,1.576,1.538
ESSO,2014-09-12,1.384,1.568,1.53
ESSO,2014-09-13,1.385,1.569,1.531
ESSO,2014-09-14,1.388,1.572,1.534
ESSO,2014-09-15,1.38,1.563,1.525
ESSO,2014-09-16,1.379,1.561,1.523
ESSO,2014-09-17,1.38,1.564,1.526
ESSO,2014-09-18,1.381,1.566,1.528
ESSO,2014-09-19,1.364,1.547,1.509
ESSO,2014-09-20,1.369,1.555,1.517
ESSO,2014-09-21,1.385,1.57,1.532
ESSO,2014-09-22,1.374,1.557,1.519
ESSO,2014-09-23,1.375,1.557,1.519
ESSO,2014-09-24,1.371,1.554,1.516
ESSO,2014-09-25,1.372,1.555,1.517
ESSO,2014-09-26,1.372,1.556,1.518
ESSO,2014-09-27,1.379,1.561,1.523
ESSO,2014-09-28,1.385,1.566,1.528
ESSO,2014-09-29,1.38,1.56,1.522
ESSO,2014-09-30,1.374,1.554,1.516
ESSO,2014-10-01,1.38,1.559,1.521
ESSO,2014-10-02,1.38,1.559,1.521
ESSO,2014-10-03,1.381,1.563,1.523
ESSO,2014-10-04,1.377,1.561,1.521
ESSO,2014-10-05,1.378,1.564,1.524
ESSO,2014-10-06,1.365,1.55,1.512
ESSO,2014-10-07,1.361,1.549,1.511
ESSO,2014-10-08,1.362,1.55,1.512
ESSO,2014-10-09,1.359,1.547,1.509
ESSO,2014-10-10,1.355,1.546,1.508
ESSO,2014-10-11,1.343,1.534,1.496
ESSO,2014-10-12,1.357,1.548,1.51
ESSO,2014-10-13,1.342,1.533,1.494
ESSO,2014-10-14,1.339,1.528,1.489
ESSO,2014-10-15,1.34,1.525,1.487
ESSO,2014-10-16,1.33,1.512,1.474
ESSO,2014-10-17,1.314,1.496,1.458
ESSO,2014-10-18,1.315,1.492,1.453
ESSO,2014-10-19,1.321,1.496,1.458
ESSO,2014-10-20,1.323,1.496,1.458
ESSO,2014-10-21,1.328,1.499,1.461
ESSO,2014-10-22,1.329,1.498,1.459
ESSO,2014-10-23,1.331,1.498,1.46
ESSO,2014-10-24,1.331,1.494,1.456
ESSO,2014-10-25,1.331,1.493,1.454
ESSO,2014-10-26,1.333,1.495,1.457
ESSO,2014-10-27,1.328,1.492,1.453
ESSO,2014-10-28,1.328,1.492,1.454
ESSO,2014-10-29,1.327,1.489,1.45
ESSO,2014-10-30,1.324,1.484,1.446
ESSO,2014-10-31,1.329,1.488,1.449
ESSO,2014-11-01,1.324,1.484,1.445
ESSO,2014-11-02,1.344,1.503,1.464
ESSO,2014-11-03,1.338,1.494,1.456
ESSO,2014-11-04,1.348,1.506,1.468
ESSO,2014-11-05,1.34,1.494,1.456
ESSO,2014-11-06,1.335,1.489,1.451
ESSO,2014-11-07,1.33,1.483,1.444
ESSO,2014-11-08,1.333,1.486,1.448
ESSO,2014-11-09,1.339,1.492,1.453
ESSO,2014-11-10,1.334,1.486,1.448
ESSO,2014-11-11,1.341,1.488,1.45
ESSO,2014-11-12,1.333,1.483,1.445
ESSO,2014-11-13,1.328,1.479,1.441
ESSO,2014-11-14,1.325,1.476,1.437
ESSO,2014-11-15,1.325,1.474,1.436
ESSO,2014-11-16,1.326,1.477,1.439
ESSO,2014-11-17,1.318,1.47,1.432
ESSO,2014-11-18,1.317,1.47,1.432
ESSO,2014-11-19,1.3,1.46,1.421
ESSO,2014-11-20,1.31,1.463,1.424
ESSO,2014-11-21,1.302,1.462,1.423
ESSO,2014-11-22,1.304,1.463,1.425
ESSO,2014-11-23,1.308,1.466,1.427
ESSO,2014-11-24,1.306,1.465,1.427
ESSO,2014-11-25,1.304,1.464,1.425
ESSO,2014-11-26,1.304,1.464,1.425
ESSO,2014-11-27,1.301,1.462,1.423
ESSO,2014-11-28,1.291,1.452,1.414
ESSO,2014-11-29,1.266,1.433,1.394
ESSO,2014-11-30,1.298,1.457,1.419
ESSO,2014-12-01,1.284,1.442,1.404
ESSO,2014-12-02,1.274,1.43,1.392
ESSO,2014-12-03,1.271,1.423,1.385
ESSO,2014-12-04,1.269,1.415,1.377
ESSO,2014-12-05,1.267,1.41,1.371
ESSO,2014-12-06,1.264,1.408,1.37
ESSO,2014-12-07,1.263,1.405,1.367
ESSO,2014-12-08,1.252,1.397,1.358
ESSO,2014-12-09,1.25,1.394,1.356
ESSO,2014-12-10,1.245,1.388,1.349
ESSO,2014-12-11,1.233,1.377,1.339
ESSO,2014-12-12,1.227,1.373,1.335
ESSO,2014-12-13,1.226,1.369,1.331
ESSO,2014-12-14,1.223,1.366,1.327
ESSO,2014-12-15,1.221,1.363,1.324
ESSO,2014-12-16,1.207,1.347,1.309
ESSO,2014-12-17,1.214,1.357,1.318
ESSO,2014-12-18,1.197,1.337,1.298
ESSO,2014-12-19,1.194,1.335,1.295
ESSO,2014-12-20,1.201,1.341,1.301
ESSO,2014-12-21,1.205,1.345,1.305
ESSO,2014-12-22,1.201,1.341,1.301
ESSO,2014-12-23,1.205,1.343,1.303
ESSO,2014-12-24,1.204,1.341,1.301
ESSO,2014-12-25,1.21,1.344,1.304
ESSO,2014-12-26,1.213,1.348,1.308
ESSO,2014-12-27,1.204,1.34,1.3
ESSO,2014-12-28,1.206,1.342,1.302
ESSO,2014-12-29,1.202,1.339,1.299
ESSO,2014-12-30,1.195,1.334,1.294
ESSO,2014-12-31,1.193,1.333,1.293
ESSO,2015-01-01,1.2,1.34,1.3
ESSO,2015-01-02,1.186,1.326,1.286
ESSO,2015-01-03,1.183,1.325,1.285
ESSO,2015-01-04,1.187,1.33,1.29
ESSO,2015-01-05,1.178,1.324,1.284
ESSO,2015-01-06,1.174,1.321,1.281
ESSO,2015-01-07,1.163,1.31,1.278
ESSO,2015-01-08,1.158,1.306,1.286
ESSO,2015-01-09,1.157,1.304,1.284
ESSO,2015-01-10,1.148,1.297,1.277
ESSO,2015-01-11,1.178,1.322,1.302
ESSO,2015-01-12,1.147,1.295,1.274
ESSO,2015-01-13,1.141,1.29,1.27
ESSO,2015-01-14,1.129,1.28,1.26
ESSO,2015-01-15,1.128,1.282,1.262
ESSO,2015-01-16,1.128,1.283,1.263
ESSO,2015-01-17,1.136,1.292,1.272
ESSO,2015-01-18,1.14,1.294,1.274
ESSO,2015-01-19,1.136,1.288,1.268
ESSO,2015-01-20,1.139,1.291,1.271
ESSO,2015-01-21,1.136,1.291,1.271
ESSO,2015-01-22,1.137,1.287,1.267
ESSO,2015-01-23,1.141,1.29,1.27
ESSO,2015-01-24,1.145,1.29,1.27
ESSO,2015-01-25,1.152,1.296,1.276
ESSO,2015-01-26,1.148,1.296,1.276
ESSO,2015-01-27,1.138,1.289,1.269
ESSO,2015-01-28,1.143,1.291,1.271
ESSO,2015-01-29,1.135,1.289,1.268
ESSO,2015-01-30,1.14,1.294,1.274
ESSO,2015-01-31,1.143,1.297,1.277
ESSO,2015-02-01,1.145,1.299,1.279
ESSO,2015-02-02,1.141,1.3,1.28
ESSO,2015-02-03,1.158,1.319,1.299
ESSO,2015-02-04,1.183,1.342,1.322
ESSO,2015-02-05,1.184,1.341,1.32
ESSO,2015-02-06,1.184,1.339,1.319
ESSO,2015-02-07,1.194,1.346,1.326
ESSO,2015-02-08,1.2,1.351,1.33
ESSO,2015-02-09,1.191,1.345,1.325
ESSO,2015-02-10,1.211,1.364,1.344
ESSO,2015-02-11,1.211,1.361,1.341
ESSO,2015-02-12,1.204,1.356,1.336
ESSO,2015-02-13,1.217,1.365,1.345
ESSO,2015-02-14,1.221,1.368,1.348
ESSO,2015-02-15,1.225,1.372,1.352
ESSO,2015-02-16,1.235,1.378,1.358
ESSO,2015-02-17,1.246,1.385,1.365
ESSO,2015-02-18,1.243,1.379,1.359
ESSO,2015-02-19,1.239,1.376,1.356
ESSO,2015-02-20,1.234,1.37,1.35
ESSO,2015-02-21,1.226,1.363,1.343
ESSO,2015-02-22,1.235,1.371,1.351
ESSO,2015-02-23,1.241,1.379,1.358
ESSO,2015-02-24,1.237,1.377,1.357
ESSO,2015-02-25,1.242,1.381,1.361
ESSO,2015-02-26,1.235,1.377,1.357
ESSO,2015-02-27,1.241,1.387,1.367
ESSO,2015-02-28,1.246,1.396,1.376
ESSO,2015-03-01,1.246,1.398,1.378
ESSO,2015-03-02,1.247,1.4,1.38
ESSO,2015-03-03,1.242,1.399,1.379
ESSO,2015-03-04,1.242,1.405,1.385
ESSO,2015-03-05,1.241,1.405,1.385
ESSO,2015-03-06,1.242,1.409,1.389
ESSO,2015-03-07,1.244,1.412,1.392
ESSO,2015-03-08,1.249,1.417,1.397
ESSO,2015-03-09,1.239,1.407,1.387
ESSO,2015-03-10,1.249,1.418,1.398
ESSO,2015-03-11,1.244,1.418,1.397
ESSO,2015-03-12,1.24,1.418,1.398
ESSO,2015-03-13,1.242,1.425,1.405
ESSO,2015-03-14,1.236,1.424,1.404
ESSO,2015-03-15,1.247,1.434,1.414
ESSO,2015-03-16,1.237,1.426,1.406
ESSO,2015-03-17,1.231,1.419,1.399
ESSO,2015-03-18,1.225,1.417,1.396
ESSO,2015-03-19,1.226,1.42,1.4
ESSO,2015-03-20,1.228,1.42,1.4
ESSO,2015-03-21,1.22,1.415,1.395
ESSO,2015-03-22,1.229,1.423,1.403
ESSO,2015-03-23,1.223,1.419,1.398
ESSO,2015-03-24,1.223,1.42,1.4
ESSO,2015-03-25,1.22,1.424,1.404
ESSO,2015-03-26,1.217,1.427,1.406
ESSO,2015-03-27,1.229,1.446,1.426
ESSO,2015-03-28,1.234,1.451,1.431
ESSO,2015-03-29,1.235,1.455,1.435
ESSO,2015-03-30,1.231,1.449,1.429
ESSO,2015-03-31,1.221,1.437,1.417
ESSO,2015-04-01,1.222,1.439,1.419
ESSO,2015-04-02,1.225,1.446,1.426
ESSO,2015-04-03,1.223,1.446,1.426
ESSO,2015-04-04,1.215,1.438,1.418
ESSO,2015-04-05,1.218,1.442,1.422
ESSO,2015-04-06,1.229,1.455,1.434
ESSO,2015-04-07,1.212,1.437,1.417
ESSO,2015-04-08,1.22,1.443,1.423
ESSO,2015-04-09,1.222,1.445,1.425
ESSO,2015-04-10,1.223,1.444,1.424
ESSO,2015-04-11,1.223,1.442,1.422
ESSO,2015-04-12,1.23,1.45,1.43
ESSO,2015-04-13,1.234,1.452,1.432
ESSO,2015-04-14,1.253,1.464,1.444
ESSO,2015-04-15,1.248,1.457,1.439
ESSO,2015-04-16,1.252,1.472,1.452
ESSO,2015-04-17,1.253,1.473,1.453
ESSO,2015-04-18,1.261,1.473,1.453
ESSO,2015-04-19,1.266,1.477,1.457
ESSO,2015-04-20,1.257,1.48,1.46
ESSO,2015-04-21,1.273,1.492,1.472
ESSO,2015-04-22,1.268,1.483,1.463
ESSO,2015-04-23,1.262,1.478,1.458
ESSO,2015-04-24,1.268,1.486,1.466
ESSO,2015-04-25,1.271,1.489,1.469
ESSO,2015-04-26,1.279,1.497,1.477
ESSO,2015-04-27,1.269,1.488,1.468
ESSO,2015-04-28,1.266,1.494,1.474
ESSO,2015-04-29,1.281,1.501,1.481
ESSO,2015-04-30,1.278,1.496,1.475
ESSO,2015-05-01,1.283,1.501,1.481
ESSO,2015-05-02,1.282,1.501,1.481
ESSO,2015-05-03,1.287,1.507,1.487
ESSO,2015-05-04,1.277,1.497,1.476
ESSO,2015-05-05,1.273,1.5,1.48
ESSO,2015-05-06,1.293,1.511,1.491
ESSO,2015-05-07,1.297,1.515,1.495
ESSO,2015-05-08,1.275,1.496,1.476
ESSO,2015-05-09,1.276,1.496,1.476
ESSO,2015-05-10,1.281,1.501,1.481
ESSO,2015-05-11,1.274,1.494,1.474
ESSO,2015-05-12,1.261,1.481,1.461
ESSO,2015-05-13,1.263,1.481,1.461
ESSO,2015-05-14,1.281,1.5,1.48
ESSO,2015-05-15,1.276,1.494,1.474
ESSO,2015-05-16,1.272,1.489,1.469
ESSO,2015-05-17,1.287,1.502,1.482
ESSO,2015-05-18,1.274,1.492,1.472
ESSO,2015-05-19,1.267,1.486,1.466
ESSO,2015-05-20,1.261,1.481,1.461
ESSO,2015-05-21,1.263,1.484,1.464
ESSO,2015-05-22,1.265,1.486,1.466
ESSO,2015-05-23,1.272,1.491,1.471
ESSO,2015-05-24,1.277,1.498,1.478
ESSO,2015-05-25,1.274,1.496,1.476
ESSO,2015-05-26,1.25,1.477,1.457
ESSO,2015-05-27,1.223,1.454,1.434
ESSO,2015-05-28,1.218,1.45,1.43
ESSO,2015-05-29,1.224,1.454,1.434
ESSO,2015-05-30,1.226,1.455,1.435
ESSO,2015-05-31,1.228,1.457,1.437
AVIA,2014-06-10,1.384,1.565,1.489
AVIA,2014-06-22,1.413,1.594,1.518
AVIA,2014-07-27,1.391,1.569,1.497
AVIA,2014-08-17,1.388,1.518,1.481
AVIA,2014-06-08,1.368,1.546,1.471
TOTAL,2014-10-31,1.321,1.496,1.452
TOTAL,2014-12-25,1.192,1.337,1.296
TOTAL,2014-12-26,1.193,1.338,1.296
TOTAL,2015-01-01,1.187,1.335,1.293
TOTAL,2015-01-04,1.179,1.33,1.289
